913305169	'''Patience+	'''ソリティア+
635861363	Dash100m	100mダッシュ
493895845	1万2千語　英単語・えいたん	1万2千語　英単語・えいたん
470902343	2chまとめのまとめリーダーLite	2chまとめのまとめリーダーLite
540969808	Baton	Baton（バトン） 文字入力不要！タップだけでネットサーフィン
697400986	MPTimerFree	MPタイマー
653454530	Maelz(metronome)	Maelz(メトロノーム)
871049022	MapFlight3D	MapFlight3D 世界の都市を飛びまわろう！
492619732	POPOの韓国語	POPOの韓国語
620299401	PicsBooth(Free)	PicsBooth – 写真はもっと面白い！ Free
897321701	ToDoBuster-ToDoを最適化	ToDoBuster-ToDoを最適化
446962368	i脳内メーカー	i脳内メーカー
816166257	○×タイムアタック	○×タイムアタック
442146755	blowPingPong	ふあ
563826518	Parma	パルマ
914324045	守り姫	守り姫
535055098	Mochinage	餅投げ
571138552	９マス	９マス
587270973	CalcTimeAttack	カルく Time Attack
911009863	Pluck!	むしれ!
871440074	Draw@	ドロー@
684204523	パズルDeにゃんこ	パズルDeにゃんこ
806041048	CutOutCamF2	型ぬきF
806084727	技振りforDQX	技振りforDQX
496529894	SameNumber	おっさん
499577040	お絵かき	お絵かき
1000244340	MaruPeke	まるぺけ
613030061	をのがに	をのがに
551964526	フォト蔵	フォト蔵
658696679	Maps2	マップ２
890743087	モンスラ	モンスラ
942206108	地震ログ	地震ログ
524297238	Shoryuken　	昇竜の拳
585514798	歌手コレ	歌手コレ
381170281	VUVUZELA!!	ブブゼラ (VUVUZELA)
553189550	CliffNinja	がけにん - 崖忍
854356761	TaxConv	内税さん - 新旧 消費税の税込み金額を簡単操作で相互に換算 ( 5% <=> 8% )
530951842	FishCalc	お魚計算 - 計算練習で暗算の達人。脳トレにも。
722084196	TalkingAmyLite	喋るエミ Lite
696584810	Rescue+	救助せよ+
561459882	ウンログ+【可愛いダイエット＆便秘対策！腸で痩せる健康管理ライフログ】	ウンログ+【可愛いダイエット＆便秘対策！腸で痩せる健康管理ライフログ】
509603376	タダ簿記3級	タダ簿記3級
554421654	目押し王EX	目押し王EX
755571884	魔法の国Q	魔法の国Q
551239648	Nyanbiki	にゃんびき
479945966	ChaosMan	カオスマン
661556583	スイカ女子	スイカ女子
715650281	ソシャカラ	ソシャカラ
492661311	割り勘電卓	割り勘電卓
483375122	ChestBox	収納リスト
496112834	年号しらべ	年号しらべ
775814748	悪夢の楽園	悪夢の楽園
393107433	CurrencyRate	為替レート
432273744	笑顔合わせ	笑顔合わせ
592094084	芸能裏ネタ	芸能裏ネタ
675915051	道の駅ギア	道の駅ギア
931911829	Otoku	どれがお得!?計算機
418869952	グルメ検索@TimePlace	グルメ検索@TimePlace
363742885	相性チェキL	相性チェキL
597928938	FreeCell·	フリーセル·
793012895	すごろく将棋	すごろく将棋
825066351	ぼんじょるの	ぼんじょるの
977517530	DoneButton	やったボタン
796233214	アイマス速報	アイマス速報
714823769	イオンシネマ	イオンシネマ
550720356	キノコデポン	キノコデポン
968032747	ザ・ニンジャ	ザ・ニンジャ
970350799	センプソウハ	センプソウハ
521634399	Taopanpan	タオパンパン
506511311	ナビブレイン	ナビブレイン
824176440	FlicKuma!	フリッくま！
838964507	PlamoTools1	プラモツール
583740198	ShisenPuzzle	四川省パズル
635824232	海賊の宝探し	海賊の宝探し
890330561	魔法少女とぶ	魔法少女とぶ
419201142	ﾔﾀﾞﾔﾀﾞ	ﾔﾀﾞﾔﾀﾞ
638689075	Township	タウンシップ (Township)
715647204	顔文字バトル!!	顔文字バトル!!
417698916	ナンプレくん2	ナンプレくん2
816032095	たまころころUnLimitted	たまころころUnLimitted
595923162	いたずらカメラ	いたずらカメラ
563421938	AddressMap	アドレスマップ
566257509	アニメ映画速報	アニメ映画速報
951231579	シンプル家計簿	シンプル家計簿
588846364	SlimFace	スリムフェイス
521080702	DriveRecord	ドライブの記録
588972504	FlashOperation	フラッシュ演算
tnamese-Japanese Translator	ベトナム語翻訳
909592993	マリーンズ野球	マリーンズ野球
564719419	モグモグライン	モグモグライン
1006535813	Raindrops!	レインドロップ
360556840	FreeFitness	体重カレンダー
670554098	全国防災カメラ	全国防災カメラ
688249452	EasyLifeCalculator	楽々ライフ計算
595534705	Go!EXIT+	行け！非常口＋
838645495	NumberTouch!	ナンバータッチ!
903663977	わり算のトライ-わり算の学習（小学3年生向け算数）	わり算のトライ-わり算の学習（小学3年生向け算数）
531291524	中学生の英単語1000	中学生の英単語1000
953045836	ゆるヤミ彼女と100万件のメッセージ	ゆるヤミ彼女と100万件のメッセージ
588256876	SolfegeNoteReading	ソルフェージュ:音符読み編
914796989	カラダメディカLite	カラダメディカLite
434815439	EnglishDateW	英単語　パズルdeデート
555327814	道の駅ビューアi	道の駅ビューアi
654436925	「今日は何の日」	「今日は何の日」
813524834	あわせてカラフル	あわせてカラフル
457769492	おばちゃんと節電	おばちゃんと節電
638566748	イルカ逃亡大作戦	イルカ逃亡大作戦
942399684	エボラ出血熱診断	エボラ出血熱診断
588655335	ネガティブカメラ	ネガティブカメラ
703099994	⋆Blackjack	ブラックジャック
510626182	マジカル少女大戦	マジカル少女大戦
552789985	ロングブレス太郎	ロングブレス太郎
680588702	消費カロリー日記	消費カロリー日記
586849665	経済指標タイマー	経済指標タイマー
943732236	船まとめニュース	船まとめニュース
673209184	鎌倉クイズ３００	鎌倉クイズ３００
961961127	防衛戦士エイデン	防衛戦士エイデン
984914098	恐竜のかくれんぼ-子ども向け遊べる知育アプリ（無料）	恐竜のかくれんぼ-子ども向け遊べる知育アプリ（無料）
543164516	JustRepeat	どこでもリピート！
520404372	イマハレ可愛い天気	イマハレ可愛い天気
483927740	スタースケジューラ	スタースケジューラ
591564815	ラッパーと恋をする	ラッパーと恋をする
975804336	中国まとめニュース	中国まとめニュース
501964478	俺色に染まるフォイ	俺色に染まるフォイ
506294598	全国ゴルフ場マップ	全国ゴルフ場マップ
576353914	TracingManga	写し書き　ブラよろ
656994710	四字熟語揃えパズル	四字熟語揃えパズル
916508981	妖怪まとめニュース	妖怪まとめニュース
944971674	新潟まとめニュース	新潟まとめニュース
901409077	FlyingBabyTrain	空飛ぶ赤ちゃん電車
605272395	超髪！アフロパンチ	超髪！アフロパンチ
708337804	サウンドフラッシュ-デンマーク語と日本語を交互に再生、登録できる音声フラッシュカード	サウンドフラッシュ-デンマーク語と日本語を交互に再生、登録できる音声フラッシュカード
698024653	ローリングボール３D	ローリングボール３D
557533547	暇つぶしシリーズ　REVERSI（白と黒の戦いがアプリ化）	暇つぶしシリーズ　REVERSI（白と黒の戦いがアプリ化）
953373015	あちこち吉方位マップ	あちこち吉方位マップ
563465507	ざぶとん持ってって！	ざぶとん持ってって！
806698890	みんなのチョコレート	みんなのチョコレート
890338838	サバイバルソルジャー	サバイバルソルジャー
648943350	ストップウォッチめも	ストップウォッチめも
922858559	北海道まとめニュース	北海道まとめニュース
545054578	かんたん着信音ツクール	かんたん着信音ツクール
719854585	イジリー田中（キモめ）	イジリー田中（キモめ）
904490357	TimingWitches	タイミングウィッチーズ
991614943	フラッシュ暗算バトラー	フラッシュ暗算バトラー
606132946	MotionPortrait	モーションポートレート
435466544	受験英語の最頻出英単語	受験英語の最頻出英単語
584792963	脳トレ！指定じゃんけん	脳トレ！指定じゃんけん
862423650	なんレコ！（Nanreco）	なんでもレコーディング 〜 なんレコ！
672999174	NotifyStaminaRecoveryTimer	スタミナ回復通知タイマー
549479515	右みて左みて交互に見て！	右みて左みて交互に見て！
448131156	burokuzu	普通じゃないブロック崩し - ぶろくず
659252889	ここで死ぬわけにはいかない	ここで死ぬわけにはいかない
608072931	【マンガ全巻無料】ヒビキノBB～男子校吹奏楽部ライフ～	【マンガ全巻無料】ヒビキノBB～男子校吹奏楽部ライフ～
871205147	ParrotsPuzzle	パロットパズル　インコの部屋
529374342	HeroStop!	ヒーローならピタッと止めろ！
989559413	VerboMuito	ポルトガル語動詞活用基礎トレ
602933195	メィーさん！ご当地ですよ！！	メィーさん！ご当地ですよ！！
524321061	一発芸アプリと言えば一発野球	一発芸アプリと言えば一発野球
949831581	激闘！女子コマンド部（団体）	激闘！女子コマンド部（団体）
694939125	ワンデリア　〜廃都からの脱出〜	ワンデリア　〜廃都からの脱出〜
921341500	チャイ単（中国語単語）　基礎編300語	チャイ単（中国語単語）　基礎編300語
492001698	泣けるコピペ　ベストセレクション	泣けるコピペ　ベストセレクション
718605634	２４時間でインドネシア語を学ぼう	２４時間でインドネシア語を学ぼう
596243281	【マンガ全巻無料】喫茶部へようこそ	【マンガ全巻無料】喫茶部へようこそ
689765094	ぷよ連鎖（ぷよクエ最適解表示アプリ）	ぷよ連鎖（ぷよクエ最適解表示アプリ）
952649295	婚約指輪は受け取れない【恋愛ゲーム】	婚約指輪は受け取れない【恋愛ゲーム】
689877663	斬りすぎ注意！パズルゲーム　スパモン	斬りすぎ注意！パズルゲーム　スパモン
943723742	ユニティちゃんのこころぴょんぴょん道場	ユニティちゃんのこころぴょんぴょん道場
506291525	Post!FunnyStory	投稿！笑える話ランキング　にちゃんねる-電車の中で。暇な時。飲み会で話のネタに。毎日読める2chに投稿された面白い話-
477086764	新・５秒でわかる姓名判断！うえけん占いPlus	新・５秒でわかる姓名判断！うえけん占いPlus
943116595	MAKAFRO!	魔界フロンティア！〜ゆるゆるもんむす放置型RPG
882366721	彼女これくしょん〜無料美少女恋愛シミュレーションゲーム〜	彼女これくしょん〜無料美少女恋愛シミュレーションゲーム〜
704099914	タイピング練習　〜日本の名所〜（あそんでまなぶ！シリーズ）	タイピング練習　〜日本の名所〜（あそんでまなぶ！シリーズ）
917181265	暇つぶしシリーズ　ラクーン（新感覚！脳みそフル回転ゲーム！）	暇つぶしシリーズ　ラクーン（新感覚！脳みそフル回転ゲーム！）
716442443	パクミー　～今日もなぞる、生える、ぶつかる、そして食べられる～	パクミー　～今日もなぞる、生える、ぶつかる、そして食べられる～
944267826	はじめての英語！アルファベットの読みが学べる「アルファベットのトライ」（英語）	はじめての英語！アルファベットの読みが学べる「アルファベットのトライ」（英語）
664977654	英単語覚え機  -TOEIC編-	英単語覚え機  -TOEIC編-
852788179	爆発少女  -爽快連鎖フリック美少女シューティングゲーム-	爆発少女  -爽快連鎖フリック美少女シューティングゲーム-
762803978	Colombia & Bogota offline map, guide, weather, hotels. Free GPS navigation.	コロンビア·ボゴタ オフラインマップ、ガイド、天気、ホテル。無料のナビゲーション。GPS
527093399	Touch & BooM!! - Free Fireworks Game	Touchでドドン!! - 無料花火ゲーム
490057114	Bottle & Cherry	瓶詰めチェリー
755534910	Ireland & Dublin offline map, guide, weather, hotels. Free GPS navigation.	アイルランド·ダブリン オフラインマップ、ガイド、天気、ホテル。無料のナビゲーション。GPS
985108035	Bollywood & Hindi Top Music Hits! -The best Indian songs from live internet radio stations	Bollywood & Hindi Top Music Hits! ボリウッド＆ヒンディー音楽ヒッツ！インターネットラジオ局から最高のインドの歌
736008931	Pakistan & Karachi offline map, guide, weather, hotels. Free GPS navigation.	パキスタン＆カラチ オフラインマップ、ガイド、天気、ホテル。無料のナビゲーション。GPS
aking, Dating & Love Life	浮気の天才 - マッチを作って、デートの究極の救済 & 人生を愛する
928364320	Anime & Manga Puzzle Quiz : Soul Eater Edition	ソウルイーター 漫画クイズ - Quiz Soul Eater Edition
736014962	Philippines & Manila offline map, guide, weather, hotels. Free GPS navigation.	フィリピン＆マニラ オフラインマップ、ガイド、天気、ホテル。無料のナビゲーション。GPS
625688151	Clean & Merge & Remove Duplicate Contacts	重複コンタクトのクリーンアップ＆削除 (Clean & Merge & Remove Duplicate Contacts)
670829457	Patience & memorize LITE	我慢＆メモライズ LITE
762849887	Brazil (Rio de Janeiro, Sao Paulo) offline map, guide, weather, hotels. Free GPS navigation.	ブラジル（リオデジャネイロ、サンパウロ） オフラインマップ、ガイド、天気、ホテル。無料のナビゲーション。GPS
925245641	（幼稚園の学校のための幾何学のフラッシュカード）子供のためのシェイプ (Shapes for Japanese Kids)	子供のためのシェイプ「幼稚園の学校のための幾何学のフラッシュカード」- Shapes for Japanese Kids
908600880	Speed (aka. Spit) : Card Game	スピード : トランプゲーム
733715835	Wallz - 100,000+ Customizable Wallpapers for iPhone, iPads and iPod	Wallz - 編集可能な10万人以上の壁紙iPhone6とiPadエアの壁紙
896425137	80s - 90s music hits . Tune in to the best hits of the awesome oldies 80's - 90's music radio fm stations	80s - 90sの音楽ヒット。素晴らしいオールディーズ80年代の最高のヒット曲 - 90年代の音楽ラジオFM局
731521731	Baseline - Bitcoin Balance Tracker	Baseline - Bitcoinの口座残高や取引の概要
880402957	Solitaire - Card Game Pro	ソリティア - カードゲームプロ
372648912	MeetMe - Chat and Meet New People	MeetMe - 新メンバーとチャット&交流
512174889	TweetOverview - Desk-side Twitter viewer	TweetOverview ツイート俯瞰デスクサイドアプリ
892710603	Fontsapp - Free Complete Set Of Better, Cool, Funny And Useful Fonts For Social Networking Apps for iPhone and iPad	Fontsapp - 面白いと便利なフォントの完全なセット (iPhone and iPad)
877780581	Latin - Free Streaming Music - Surge	ラテン語 - 無料ストリーミング音楽 - サージ
689700338	iOrigami - How to make origami animals	愛折り紙 - 動物
5580189	Hardstyle - Internet Radio	ハードスタイル - インターネットラジオ
956451794	Transit - Jakarta Indonesia covering the KRL by NAVITIME	NAVITIME Transit - ジャカルタ、インドネシア、KRLの乗換案内
840221818	ライブハウススケジュールを一覧表示 - Live Scheduler -	ライブハウススケジュールを一覧表示 - Live Scheduler -
976466136	Transit - Manila Philippine, transit app for subway and train by NAVITIME	NAVITIME Transit - マニラ、フィリピンの乗換案内
835694781	Numbas - Master Mind	Numbas - マスターマインド
433866863	Skout+ - Meet, Chat, Friend	Skout+ - 友達と出会い、おしゃべりする場
642745468	MusicClip - Music Video Player for YouTube	MusicClip - 音楽動画を快適に連続再生 for YouTube
938200747	Hattori - PVP ninja samurai shuriken battle	Hattori - PVP 忍者 侍 手裏剣 戦い
887366525	MVPlayer - Play Free Music from YouTube.	MVプレイヤー - YouTubeから無料で音楽を再生
789303927	Escape - Prison Break ( Shawshank Redemption ) - Episode 1 - The Hardest Escape Game Ever	脱獄：自己の救い - 史上における最も難しい脱出ゲーム：貴方はそれに挑戦する勇気がありますか？
859742693	QCat - Puzzle & Trivia of Dino World For Toddlers and Kids (free)	QCAT - 子供の恐竜ジグソーパズル（無料）
945867682	FourColor2 - Puzzle of Four Color Theorem - World Map Edition	FourColor2 - つくってあそべる四色問題パズル - 世界地図編
978922014	BudSwitch - Quotes about Friendship	友情スイッチ - 友人/人間関係の名言・ヒントアプリ
846011452	HappySwitch - Quotes about Happiness around the Globe.	幸せスイッチ - 幸福力アップの名言アプリ
894328333	RichSwitch - Quotes about Money, Rich, and Investment around the Globe.	投資スイッチ - 投資/株/証券の名言・格言で利益を生むスイッチをオン！
798985078	StudySwitch - Quotes to Turn Your Switch To Study ON.	勉強スイッチ - テスト/受験/学習/資格名言で勉強モードにスイッチオン/効率化/やる気アップで合格！英語/数学/古文/現代文/化学/歴史等の学習時に最適！
957752589	Reposter - Save & Repost unlimited photos and videos! with out watermark for instagram	Reposter  - 無制限の写真や動画を保存·再投稿！すべての透かしてと Instagramのための
921486160	Transit - Shanghai China covering Shanghai metro by NAVITIME	NAVITIME Transit - 上海 中国の乗換案内
943097919	ColorBalls - Simple Puzzle	カラーボール - シンプルなパズルゲーム
639510944	RONBAKU - Somersault Simulator -	ろんばく！
862369013	Elementia - Sprite's Trip	エレメンティア◎スプライツトリップ
564578600	FaceMorph - StarmediaSoft	フェイス モーフ
578864344	Wasabi - Sushi, sushi, sushi!!	わさ〜び
576210200	Newsdaily - Top Headlines & Breaking News	毎日のニュース - Newsdaily / 新聞、雑誌、経済ニュース、速報等をまとめ読み
919857198	Viddo - Video&Movie Maker	Viddo - ビデオ&ムービーメーカー
866584004	PushUpdates - WebPage Update Checker	Web更新通知 - Webページの更新を自動チェック
583467119	最新のニュースや人気のニュースを無料でまとめて読める - YOM	最新のニュースや人気のニュースを無料でまとめて読める - YOM
478657259	DaruMatch - concentration game	記憶力トレ　だるまっち
726895616	PhotoStyle - easy photo editor for frame, poster, montage, collage and text on image	PhotoStyle - 写真フレーム、フォトモンタージュ、画像コラージュ と テキスト編集
866572181	GirlsTask - easy simple ToDo and Task,Help convenient to work and life, cute task   management app	GirlsTask - ToDo,タスクを簡単シンプルに管理、仕事や生活に便利に役立つかわいいタスク管理アプリ
612282702	kaimono - shopping calculator	kaimono - 買物メモ＆計算機
892281511	MitePlusLite - the simple, easy, and accurate stopwatch and countdown timer app	マイトプラスライト - かんたんシンプル正確なストップウォッチ＆タイマーアプリ
792603657	QCat - toddler shape educational game (free)	QCAT - 子供たちがゲームを形作る（無料）
947272960	ラスボス実はいいやつ - 無料 の 放置 育成 シュミレーション ゲーム -	ラスボス実はいいやつ - 無料 の 放置 育成 シュミレーション ゲーム -
647041098	VideoPoker - 無料ゲーム	VideoPoker - 無料ゲーム
917289336	大人が胸キュンするシーンを画像とセリフで共有 - キュンくる	大人が胸キュンするシーンを画像とセリフで共有 - キュンくる
951477220	FLOW - 謎解きパズル	FLOW - 謎解きパズル
951263109	DIVAセンス - ボカロ情報のまとめ	DIVAセンス - ボカロ情報のまとめ
477028400	ど忘れ漢字 - 読めるけど書けない	ど忘れ漢字 - 読めるけど書けない
661996172	PiNSPOT - スポット情報共有アプリ -	PiNSPOT - スポット情報共有アプリ -
434843736	西洋絵画クイズ - はんぷく一般常識シリーズ 無料版	西洋絵画クイズ - はんぷく一般常識シリーズ 無料版
962708705	妖怪メダRUN! - 妖怪メダルざくざく取り放題	妖怪メダRUN! - 妖怪メダルざくざく取り放題
555607581	地震災害ナビ - 災害情報収集ユーティリティ	地震災害ナビ - 災害情報収集ユーティリティ
689764077	赤ちゃん数学ゲーム - 無料キッズ加算デジタル教育	赤ちゃん数学ゲーム - 無料キッズ加算デジタル教育
625015113	Boyanto - ぼやんとした空き時間のお供に。	Boyanto - ぼやんとした空き時間のお供に。
574915961	リバーシLv99 - アプリ界最強の思考エンジン搭載	リバーシLv99 - アプリ界最強の思考エンジン搭載
931769602	Kuppa - 匿名で気軽にコミュニケーション -	Kuppa - 匿名で気軽にコミュニケーション -
786739954	ゆっくりムービー - 無料のゆっくり実況動画作成ツール	ゆっくりムービー - 無料のゆっくり実況動画作成ツール
708223020	アイコンの達人 - 暇つぶしアニメ映画パズルクイズゲーム	アイコンの達人 - 暇つぶしアニメ映画パズルクイズゲーム
986711646	ひま部 - 学生限定！同年代の友達とひまトーク＆無料チャット！	ひま部 - 学生限定！同年代の友達とひまトーク＆無料チャット！
505846835	NailCanvasLite -3DNailSimulator-	NailCanvasLite -3Dネイルシミュレータ-
766149368	SwipeHigh+ -Challenge Your Algebra/Math Skill! Calculate and Swipe as fast as you can!!-	SwipeHigh+ -脳トレに最適！スワイプ計算ゲームで計算/直感力/反射神経の向上をしよう！-
887325138	holo -holography app-	holo -キラキラ作成アプリ-
734369356	Seesaw -teetertotter-	シーソー
820002400	カミと戦う神アプリ -カミとボク-	カミと戦う神アプリ -カミとボク-
630585443	ふりとれ -札幌市営地下鉄-	ふりとれ -札幌市営地下鉄-
rade year 1 2 3 4 5 old fun mommy peekaboo 123 nina primary tica puzzle juego rompecabezas learning words sounds	無料音ゲーム楽器 フォト子供や就学前の幼児 子供の 子供 ゲーム 幼児 幼稚園  2歳の未就学児  無償  のために1 2 3 4 5 面白い ママ ピーカブー 123 教育 TICA パズルでは 言葉の学習 音 少し
495880958	Pushups 100+ Lite	プッシュアップ 100+ Lite
888700507	Soccer 14 Goalkeeper – Save Goals & Play World Fantasy Football Cup	目標 & プレイ ファイナルファンタジー サッカー カップ保存 – 14 サッカー ゴールキーパー
860501342	Aaamazing 2048 Puzzle	2048パズルをaaamazing
901199633	Monster 2048 Puzzle Mania	モンスター2048 パズルマニア
624556549	Run 5K! 7-Week Training Plan, GPS & Running Tips by Red Rock Apps	走破 5KM!：Red Rock Apps社製トレーニング計画・GPS&ランニング情報アプリ
412792847	Sudoku 81 Squares FREE 數獨 스도쿠 81乗 Судоку 10000 sudoku puzzles	81正方形無料、10000番号ゲーム
376583515	Faceffects : 3D Animated GIFs	Faceffects：3DアニメーションGIF
904791882	Squares : Best Puzzle Game	正方形：ベストパズルゲーム
654751108	Rapperworld : Pitbull Edition	音楽の世界：ピットブル版
768484422	Baby ABC Nursery - Learning with Flash Cards for Kids in Pre School, K-12, Kindergarten	赤ちゃんABC保育園 - 保育所に子供のためのフラッシュカードを使用した学習、K-12、幼稚園
966031966	コアファンが作る検定 AKB48 version	コアファンが作る検定 AKB48 version
797479193	Athens ATH Airport. Flights, car rental, shuttle bus, taxi. Arrivals & Departures.	航空券、レンタカー、シャトルバス、タクシー。到着＆出発。
388882339	Daily Ab Workout FREE - Personal Trainer for Quick Home Abs Workouts and Exercise Fitness Routines	腹部デイリーワークアウト無料 - 腹部クイックワークアウトのためのパーソナルトレーナー
904141019	Champion Ability LOL	チャンピオン能力LOL
946993686	All Aboard! Counting Game for Children: learn to count 1 - 10 with Train and Animals	活躍！ 子供のためのゲームは、電車や動物との1-10をカウントすることを学ぶ
894330337	Syobon Action	しょぼんのアクション オリジナル
447374159	SYS Activity Manager for Memory, Processes, Disk, Battery, Network, Device Stat & Performance Monitoring	SYS Activity Manager Lite - メモリ, プロセス, ディスク, バッテリとネットワーク
572074226	Text Address Book	簡単テキストアドレス帳
902940107	Bard Adventure	バード冒険
838813628	Garfield's Adventure	ガーフィールドの並木道
868891108	Narita Airport Flight Information - 成田空港フライト情報 Lite	成田空港フライト情報 - Narita Airport Flight Information Lite
889715932	Memory Alarm Clock	Memory Alarm Clock - 記憶 目覚し時計
956023351	子ども向けかな練習帳（未就学児向けかな辞典）Japanese Alphabets Vocabulary Book	子ども向けかな練習帳（未就学児向けかな辞典）
486556174	Travel Altimeter Lite - GPS Altitude & Map Elevation - Compass - Barometer	トラベル・アルティメーター・ライト フリー  GPS高度計&高度マップ - コンパス - バロメーター
861540884	Bear And Deer:More And Less-Count,Comparative Figures:Kids Math Game HD	クマや鹿：もっと少ないカウント、比較数値：キッズ数学ゲーム  HD
951541647	My Angela Wash-EN	マイアンジェラWASH -EN 幼児ゲーム、母と子の遊び
946937648	ABC Animated Alphabet Learning Sort-ing Games For Baby & Kid-s	ベビー＆キッド-SのABCアニメーションアルファベット学習ゲーム：私の幼児はこちらをご覧ください - INGのソート-INGです
678967166	Blueprints App Free - Create diagrams, drafts and layouts for your house (floor, furniture, garage, kitchen) and for home improvements	無料線描 (エンジニアリング青写真を描くためのアプリ。 建築、エンジニアリング、建設 の分野でとても役に立ちます。)
962418256	A Aqua Mermaid Nail Salon Underwater Spa	アクアマーメイドネイルサロン水中スパ
908298681	zombies Attack - The Zombie Attacks In The World War 3	ゾンビアタック - 第一次世界大戦では、ゾンビ攻撃3 - Zombie's Attack
962656495	Top Audio Recorder - My Voice Memos	トップオーディオレコーダー - 私のボイスメモ
963109260	KawaiiDrop- Avoid obstacles by swiping to the left or right!	KawaiiDrop-左右にスワイプ操作で障害物を避けよう！
435296966	Pants Away	ズボン降ろし
790781853	THE BASKETBALL WHICH KISEKI PLAYS.-Green Revolution-	キセキのバスケ-Green Revolution-
794348352	Brisbane BNE Airport. Flights, car rental, shuttle bus, taxi. Arrivals & Departures.	ブリスベンBNEの空港。 航空券、レンタカー、シャトルバス、タクシー。到着＆出発。
965833036	Animal Babie-s Play With You in A Kid-s Game-s For With Many Education-al Task-s	多くの教育タスクとするA子供向けゲームであなたと再生動物の赤ちゃん
707892890	Celebrity Baby Care &  Hospital - Kids games	セレブベビーケア＆病院 - 子供向けゲーム
916568087	Pretty Baby Doctor Game	プリティベビードクターゲーム
849600142	Beautiful Baby Frames	アメージングベビーフォトフレーム
828842347	A+ Baby Music Time - Toy Guitar With Toddler Songs and Lullaby	ベビー トイ ギター - タッチして学ぶお子様の最初の楽器。人気のある童謡が内蔵されています。
595247313	JS Backup – migration & restore	JSバックアップ
420082292	Flip Ball	フリップボール
977133104	Bound Ball -Extremely Hard Superior level Game-	バウンドボール 〜超絶 激ムズ20秒〜
888559914	Roll Ball Toy	コロコロボール - 簡単で楽しい！面白い新作無料アクションゲーム
963883687	Piggy Bank Smash	貯金箱スマッシュ
871236035	Washington Baseball Schedule — News, live commentary, standings and more for your team!	ワシントン・野球 — News, live commentary, standings and more for your team!
554479990	Shadow Battle	シャドウバトル
979011426	3d Battle-field RC Tank Strategy Domination Simulator Lite	3DバトルフィールドRC戦車戦略支配シミュレータLiteを
951016589	The Best Funny Kittens	最高の面白い子猫
901506954	The Best Sound Meter	ベストサウンドメーター
912173370	Thoroughly Betsy Ross	とことんBetsy Ross
658776437	Talking Betty Bear	おしゃべりくまのベティ
848935391	Stick Bike Race - Play Free Moto Racing Games	Stick Bike Race - 男の子と女の子のための無料の楽しい自転車ゲーム
938309173	-777- Bingo Blizter - Bash Coins In Casino	ビンゴBlizter (-777- Bingo Blizter)
921051918	KungFu Bird	カンフーの鳥
913132104	Trippy Bird - don´t tap the spikes	トリッピー 鳥 Trippy Bird - don´t tap the spikes
665848071	PataPata Bird! - simple brain training, flappy puzzle game	サクッと遊べる早押し・連打ゲーム パタパタとり 完全無料 簡単シンプル数字タッチで脳トレ・記憶力・頭の体操
639526149	AceCam Birthday - Photo Effect for Instagram	AceCam誕生 - Instagramのための写真の効果
979845186	Happy Birthday Cards - Greetings	お誕生日おめでとうカード - ご挨拶
929499622	Candies Blast	キャンディーズのブラスト
820545529	Vegetable Blast Mania - smash hit farm vegetable crush heroes game free	野菜ブラストマニア - ヒットファーム野菜クラッシュヒーローズゲーム無料スマッシュ
1006631828	Candy Blitz Deluxe	キャンディブリッツデラックス
882280861	4096 Blocks Strategy Puzzle - best math board game	4096ブロック戦略パズル - 最高の数学のボードゲーム
511209898	Addictive Blood	中毒性ブラッド (Addictive Blood)
484348883	Alexandria Bloodshow　	アレクサンドリア大戦絵巻
981864339	Easy Blur - Focus Blurred image editing app	簡単にぼかし - ぼかし画像編集アプリをフォーカス
366077887	Basket Board Free	Basket Board Free (バスケット)
859243922	Black Board:delicacy and simple	小さな黒板
417008176	Wash Bomb Alien Plum	トイレから宇宙旅行
467559856	Spirit Bomb ~ All New	元気の玉 ~ 新登場
773177518	Coloring Book Alphabet	ぬりえアルファベット
593817786	Comic Book Camera free	マンガカメラ (Comic Book Camera free)
918284631	Balloon Boom Party Match 3 Free - Tap Puzzle Baby Island Matching Game Version	バルーンブームパーティー Balloon Boom Party Match 3 Free - Tap Puzzle Baby Island Matching Game Version
908923170	Tall Booth - Increase You Height, Slim Face & Magic Photo Editor	Tall Booth - あなたの高さ、スリムフェイス＆魔法のフォトエディタを増やす
429844857	Jean's Boutique 2 Free	ジーンスブティック2フリー
943302265	Bricks Breaker King	ブロック崩しの王
919434274	Canyon Bridge	キャニオンブリッジ (Canyon Bridge)
963075980	Number Bubble Rocket －The Free Math Games Competition	数はロケットの泡 - 無料数学ゲーム大会
877543466	Baby Builder Frenzy - Crazy City Rescue Challenge	赤ちゃんビルダーフレンジー - クレイジー·シティレスキューチャレンジ
948552080	3D Bull Simulator – Angry animal simulator and city destruction simulation game	3Dブルシミュレータ - 怒っている動物のシミュレータと都市の破壊シミュレーションゲーム
915270694	School Bus Wash – Best Bus washing game salon and auto repair shop	スクールバスウォッシュ - ベストバス洗濯ゲームサロン、自動車修理店
400172082	GUITAR CHORD (Basic)	ギターコード(ベーシック)
390080899	Insect Cage	虫かご
973782941	Valentine's Cake	バレンタインデーのケーキ
913809242	List Calcs - Multiple calculations on a single page	List Calcs - 複数の計算を１つの画面で
479608586	Advent Calendar OpenGL Effects	アドベントカレンダー OpenGL Effects
957163314	Animal Cam - Swap your face with the head of funny animals such as: cats, dogs, bears, pigs, wolfs, fish or birds from your camera	動物のカメラ - ような変な動物の頭を持つあなたの顔をスワップ： 猫、犬、クマ、豚、ウルフス、魚や鳥をお使いのカメラから
827626939	Versatile Cam -Let's use various functions and effects easily-	多用途カメラ -手軽で簡単に色々な機能やエフェクトを使おう-
824871664	Alien Camera - Manual & Mirror Camera with Awesome Filters and Photo Editor	エイリアンカメラ - マニュアル / ミラーカメラ & パワフルなフォトエディター
901266194	Pro Camera FX 360 Plus - Best Photo Editor and Stylish Camera Filters Effects	Pro Camera FX 360 Plus - ベストフォトエディタとスタイリッシュなカメラフィルター効果
478602537	Frosty Camera Free - Christmas Photo Booth!	冷凍カメラ
987204589	Travel Camera HD	トラベルカメラHD
888218864	Beauty Camera-Make beauty outstanding&selfie photo editor	Beauty Camera-美白を極めた自撮り用写真加工アプリ！
982796211	Cotton Candy Land - Crazy cooking fever & chef kitchen adventure game	綿菓子ランド - クレイジー調理発熱＆シェフのキッチンアドベンチャーゲーム
816734020	Cotton Candy Mania! - cooking games	コットンキャンディマニア！ - フリークッキングゲーム
956728528	Limousine Car Driver Simulator 3D – Drive the luxury limo & take the vip guests on city tour	リムジンカードライバーシミュレーター3D - 高級リムジンをドライブ＆市内観光にゲストを取る
928375610	Cake Car Model	プロダクションカーケーキ
977068959	City Car Parking Game - Real Expert Driving Simulator	市駐車場ゲーム - 本当の専門家運転シミュレータ
969945968	Crazy Car Salon - Wash & Design Your Vehicle in Auto Carwash Service Station	クレイジーカーサロン - 自動洗車サービスステーションにおけるウォッシュ＆デザインあなたの車
972085827	Police Car vs. Thief Driving & Racing - Arrest Robbers being Cop Duty Officer	逮捕強盗という警官のデューティ·オフィサー - 泥棒駆動＆レーシング対警察の車
895338642	Kana Card | 仮名カード	Kana Card | 仮名カード
735982337	X-mas Cartoon game Jigsaw Puzzle for kids and toddlers	無料のジグソーパズル・クリスマス子供や就学前の幼児 子供の 子
590229015	Greedy Cat	欲張りにゃんこ
552317652	Bubble Catcher	バブルキャッチャー
809605094	A Certain Hero's Escape Again	脱出ゲーム「やっぱりあいつ勇者やめるって」
664992767	Cloud ChalkBoard for iPad	クラウド黒板 for iPad
466382340	Real ChalkBoard for iPhone	リアル黒板 for iPhone
978598204	Math Challenges You - Fun Maths Game For Children And Adults Free	数学の挑戦 - 子供のための楽しい数学のゲーム、無料の大人
670120398	Pitch Change / Equalizer	ピッチシフト（音程変更）／イコライザー
922850301	Anime Characters Quiz : Fullmetal Alchemist Edition	Fullmetal Alchemist漫画クイズ - Fullmetal Alchemist Edition
963621782	Crazy Chaser	カナちゃんのひみつ
820693434	Love Chaser - Love Adventure	愛を求め記- のび太冒険記
906557917	Clumsy Chef Laundry	勤労小コック
946833093	Running Chick	実行チック
910956958	Save Chicken	助けてチキン
924425960	ABC Christmas games for children to train your spell-ing skills with Xmas animals of the forest	ABC 子供のためのメリークリスマスゲーム： 学ぶ 森の動物との言葉やアルファベットを書き込む
594709939	CameraGPS Chunk	カメラGPS 一葉
958565102	911 City Rescue Helicopter Sim 3D	911都市救助ヘリコプターシミュレータ
353487520	BBTimeTable Classic	BB時間割 クラシック
954774210	City Clicker Hero	シティクリックヒーロー
986373222	Hill Climb Challenge Game	ヒルチャレンジゲームを登る
492315775	Alarm Clock + Timer Free	目覚し時計 + タイマー
474729978	Alarm Clock Plus Free	アラーム時計プラスFree
581935150	Shadow Clone Camera	分身カメラ　Shadow Clone Camera
946756830	Beautiful Clothes Puzzle Game	美しい服パズルゲーム
970311816	QR Code and Barcode Reader & Generator - Scan Barcode, ID and Tags also with Price Check to Save Time	QR コードとバーコード リーダーでスキャン バーコード ジェネレーター ID & もチェック価格タグで時間を節約
977278924	My Coffee Shop - Coffeehouse Management Game	My Coffee Shop - コーヒーショップ
908263859	Handpicked Collection of Best Motivational Quotations and Sayings	最高の動機付けの引用やことわざの厳選されたコレクション
486312417	Smile Collector FREE edition	いっしょにスマコレ（無料版）
934267922	Which Color?  Check your taste of art.	ここは何色？ 芸術センス判定クイズ
928520262	Animals Coloring Book for Kids who Learn to Color	アクティブ！塗り絵の本 猫、犬、魚、豚、鳥とオウムのような画像：子供のための動物の
921520063	Toddler Coloring Pages	幼児のぬりえページ
435110888	Insect Coloring for Kids Lite	やさしい昆虫ぬりえLite
961297338	Zergs Coming 2 - Angel Avenger Free	Zergs Coming 2 - エンジェルアヴェンジャー
984971767	Easy Cookie Recipes Free - Healthy breakfast or dinner recipe	簡単にクッキーのレシピ無料 - 健康的な朝食や夕食のレシピ
789622568	Fortune Cookie2 [Free]	フォーチュンクッキー2 [無料]
662621208	Crazy Cooking Fight (Free cartoon)	まな板の上の乞い（無料ギャグ漫画）
868719737	Popcorn Cooking Game - Salty Snack Maker	Popcorn Cooking Game - ポップコーンクッキングゲーム -スナックメーカー
961642744	123 Count-ing & Learn-ing Number-s To Ten With Dino-saur. My Kid-s & Baby First Free Education-al Game-s	ディノスと子供のための123のカウントゲーム：私の最初のフリーの数学演習。ちょうど10カウントを学ぶ
673956358	Patience Counter 072	我慢カウンター 禁欲記録 072
772774965	Fitness Course for Men - Russian - Build Muscle, Lose Fat, Be Healthy, Shape Your Body With The Under 24 Workout - Free Video	フィットネスオンライン - 読むほどに痩せる　ダイエット・美容・健康 - Russian
935796391	Tower Craft Building	タワークラフト
956730544	Orange Cranberry Oatmeal	ストロベリーオートミール
937167152	Oni Crash HD	おに  クラッシュ - Oni Crash HD
684176897	Escape: Crazy Stone	脱出ゲーム: クレイジーストーン
925231381	Ice Cream Maker – Kids free delicious frozen yogurt parlour and ice candy shop	アイスクリームメーカー - キッズ無料おいしいフローズンヨーグルトパーラー、アイスキャンデーの店
504498770	Ice Cream Now-Cooking game	今すぐアイスクリームしよう
762257081	QRCode Creator, Buider & Reader	クリエイター, ビルダー & リーダー QRコード
430798109	Gourmet Creature Hungry Mogumon	美食生命体はらぺこモグモン
994064034	City Crime Reporter Simulator 3D	市犯罪レポーターシミュレータ3D
984487888	Froggy Crossing The Road Free Game : Jumping In Hazard Jungle Over Ostacles Yummy Coin Endless Game	カエルクロッシングザ·ロード無料ゲーム：ジャンプでハザードジャングルオーバーOstaclesおいしいコインエンドレスゲーム
888202390	Clown Crush - The Magical Adventure (Free Game)	ピエロクラッシュ - マジカルアドベンチャー（無料ゲーム）
959810900	Happy Cup Cakes-EN	ハッピーカップケーキ、幼児ゲーム、母と子の遊び-EN
950547700	The Cute Girl Dentist	かわいい女の子の歯科医
532930353	A Cute Slider 15 Puzzle ™	A No1  かわいい パズルゲーム 15 パズル Puzzle ™
960788650	Washington D.C. (USA United States) Offline GPS Map & Travel Guide Free	ワシントン (アメリカ合衆国アメリカ合衆国) オフラインマップ、トラベルガイド。無料版
947752363	Star Dance	スターダンス
933669967	Slash Dash Ninja	スラッシュダッシュ忍者
1001924202	MFF Database for Mobius Final Fantasy	メビウスFF攻略フレンド募集掲示板 for メビウスファイナルファンタジー
777532831	Race Day - Multiplayer Racing	Race Day - 複数プレイヤーレース
961919991	Valentine Day Lunch Box	バレンタインデーのランチ
949858445	Amazing Deep Blue Frozen Sea - Tap & Don't Fall Game Free	アメージングディープブルー冷凍シー - タップ＆フォールしないでくださいゲーム無料
740426896	Toy Defense 3: Fantasy HD Free – strategy	Toy Defense 3: Fantasy HD Free - ストラテジー
874213666	Super Delicious Cake HD -The hottest cake cooking games for girls and kids! Free!	スーパーおいしいケーキHD - 女の子と子供のための最も熱いケーキ料理ゲーム！無料です！
946919353	Kitchen Design - kitchen plans, interior design and decor in 2D & 3D	キッチンデザイン – 2Dおよび高解像度3Dでキッチンの間取り図やインテリアデザインを作成します
781338790	Original Design Creation Wallpaper by ODC	ODCによるオリジナルデザイン作成の壁紙
941627007	Fashion Design Dress Up Game: Beauty Makeover Salon and Fantasy Boutique for Girls	女の子のためのファッションゲーム: 美容メイクアップサロン - ゲームをドレスアップ
888967667	Photo Design Studio HD - 25+ Image Effects, Filter Gallery & Custom Editing Tools	フォトデザインスタジオハイビジョン - 効果、ぼかし、フォーカスのフィルタギャラリーとカスタム編集ツール
631475920	Multipurpose Dice	多目的サイコロ
578104093	Japanese Dictionary English Free With Sound - 音声付きの無料日本語辞書への英語	Japanese Dictionary English Free With Sound - 音声付きの無料日本語辞書への英語
827112805	Find Differences 10	間違い探し 10
723119547	Tappy Dig - Virtual Pet Fox Game	Tappy Dig - 仮想キツネのゲーム
908800020	3D Dino-saur Jurassic T-Rex Egg Juggle Sim-ulator - Free Game	3D恐竜ジュラ紀の卵ジャグリングシミュレータ - 無料ゲーム
817059896	Duck Dive: Flappy Prey Bird Fishing	アヒル ダイビング：  ゆる 餌食 釣り
655359355	Amazing Dodos Free	ビビビッグ、ススちゃん(Amazing Dodo Free)
990945334	Hot Dog Restaurant - Make fast food on the street in this crazy kitchen cooking game	ホットドッグのレストラン - このクレイジーなキッチン調理ゲームで路上でファーストフードを作ります
882264607	Action Doge in the Line	Action Doge in the Line - ライン内のアクションドージェ
937620952	Video Download Browser	動画ダウンロード browser
733735644	Video Downloader - Download and Save Videos	ビデオをダウンロード - ダウンロードし、ビデオを保存
492030385	Tap Dragon	ドラゴン タッチ
951674200	Doodle Drawing Board for Kids	いたずら書き 製図板 子供のための
890433686	Party Dress Up Game For Girls: Fashion, Makeup and Makeover Girl Games	女の子のためのパーティードレスアップゲーム - 高級ファッションコレクション – メイク＆ビューティ女の子向けのゲーム
692083246	Fashion Dress Up – 3D Game for Girls	ファションドレスアップ － 3D 女性のゲーム
906590510	Stickman Dressup & Makeover	バッタードレスアップ＆メイク
896995474	Taxi Driver Rush Simulator 3D	タクシー運転手のラッシュシミュレータ3D
983172291	Car Driving 3D	カー運転3D (Car Driving 3D)
407553383	Xmas Drum for Free!	クリスマスドラム（無料）
442405249	Bongo Drums	ボンゴドラム
814930429	Crazy Duck Flying	狂気のアヒルの飛行 - 最高の無料のクールなゲームズをプレイ アプリおすすめ飛行機オセロオススメ脱出最新マウンテンマリオランキンググリーきせかえ野球サッカーテトリス着せ替え
762212281	Rubber Ducky Shooter: Addictive Shooting Game for Kids	ラバーダッキーシューター：　遊んで辞められないシューティング子のゲーム
867463928	Profile E-Line Shaper	横顔E-ライン整形 - あなたの写真を美容的にバランスの良い美横顔に変換！！
975997262	Wild Eagle Flight Simulator 3D	ワイルドイーグルフライトシミュレータ3D
817166260	Hoppy Easter Egg Baby Hunt  - Fun Smashy and Jumpy Adventure Challenge HD	HDたまごタイニーベビー卵をタップしてジャンプアドベンチャーチャレンジ
657015750	Fast Edits - Make and Create Fast Quick Edit for Your Photos w/ Image Effect & Editing Effects	高速な編集が - を確認し、あなたの写真W/画像エフェクトと編集エフェクトのための高速クイックエディットを作成
423317011	Catch Eels!!	うなぎ
875179162	OSSAN Eggs! mini -Summer Ver.-	おっさんたまご ちょっとだけよ～夏～
877224217	Dubstep Electro Drum	ダブステップ、エレクトロドラム
954365121	Nature Element Match - Forest Stones	自然要素コンビネーション - 森林ストーンズ
450734513	Smiley&Emoticons5000 EmojiSmiley　LINE	Girl's顔文字BOOK　【人気のハートデコ機能で今の気持ちを表現！顔文字アプリ！種類が豊富で全て無料】
974554737	Kingdom Empire	王国ビルディング
599273110	Children's English listening training	少年の英語のヒアリング能力
921447559	Sweet Escape - New and Challenging Unblock Puzzle Game	スイート エスケープ (Sweet Escape) - 新しくてちょっと難しいブロック脱出パズルゲーム
546665569	Jumping Escape!	ジャンピング　エスケイプ！
564096217	Blood Evils	ヴァンパイア危機
667460302	Goldfish Evolution Party	金魚の進化パーティー Goldfish Evolution Party
956302035	Goat Evolution | Clicker Game of the Mutant Goats	Goat Evolution | ミュータントヤギ
664954519	IELTS Examination high frequency English words total 4100 words IELTSテストの高周波英単語攻略 最頻出語4100語	IELTSテストの高周波英単語攻略 最頻出語4100語
642707203	Katakana Exercise books-iPad version - Be the first to start a katakana practice	カタカナ練習帳-iPad版-〜カタカナ練習をはじめよう〜
493620272	Hammer Expert	釘打ち名人
954158424	Night Eyes FREE - Low Light Camera for iPhone and iPad	Night Eyes FREE - iPhoneとiPad用隠し撮りカメラ
336479218	RetroCamera FREE	レトロカメラ FREE
393475127	GO!GO!PAINT FREE	お絵かき広場 [無料]
475905823	iBeer FREE - Drink beer on your iPhone	ビール iBeer FREE - iPhoneでビールを飲もう
840642367	Baby Face Paint - Makeover Games for Kids	ベビーフェイスペイント - 子供のためのお化粧ゲーム
674582997	Baby Faces Photo Frames	赤ちゃんはフォトフレームに直面
488584732	Block Factory	ブロック工場
990983703	Chocolate Factory - Crazy dessert & candies maker chef game for kids	チョコレート工場 - 子供のための狂気のデザート＆キャンディーメーカーシェフゲーム
506299467	Fake Fairy Photo Maker	偽の妖精写真メーカー
895425692	Candy Fall - Fun Free Candy Falling Game	キャンディは秋！  -  Candy Fall!!!
958033142	Snowman Family	雪だるまキャビン
968515208	3D Farm-ing Tractor Park-ing School Drive-r Simulator	3D農業トラクター駐車学校ドライバーシミュレーター
918659580	Beach Fashion Dressup	ビーチファッションのドレスアップ
949227314	Sushi Fest	寿司の正しい食べ方はコレだ！
979004365	Jet Fighter Simulator 3D	ジェット戦闘機のシミュレーター3D
469609774	Simply Find It Seasons	間違い探し－四季
481503870	Simply Find It Seasons HD	間違い探し－四季HD
555754705	Live Fingers - Add Cool Faces and Stuff to your Fingers	指を生きる - あなたの指にクールな顔とスタッフを追加
1009807790	Thoroughly FireWorks	とことん花火
698172579	Female Fitness - The Best Exercises for LOWER BODY (Thighs and Butt)	女性のフィットネス‐下半身のベストエクササイズ（太ももとお尻）
698154775	Fast Fitness — All-in-One	フィットネス、ボディービル、演習、ワークアウト
839590253	Super Flappy Cat	スーパーゆるい猫
419844040	Memento Flash	脳トレ -瞬視記憶-
475962163	Cat Flight Lite	とびねこ Lite
635776073	100 Floors - World Tour	脱出ゲーム100 Floors World Tour- room escape game -
304091875	Hananavi(Kyoto Flower Information)	花なび(今の京都の花情報)
588942200	Best Flower Photo Frames	花のフォトフレーム
919366049	Catching Flowers Contest	花を摘む精霊
955125431	Flappy Flutter Bee	ゆるいフラッタービー
963095776	Color Fonts Keyboard Pro ∞ Cool Font Keyboards with background themes for iOS 8!	色のフォントキーボード+ ∞ 新しいクールなテキストスタイル & SNS など用の更に進化した絵文字！
956432938	Summer Food Decoration	美しい夏のデザート
563797954	Street Food!	Street Food! - 屋台の食べ物
939453041	French Food. Quick and Easy Cooking. Best cuisine traditional recipes & classic dishes. Cookbook	フランス 食品。迅速かつ簡単クッキング。ベストな料理、伝統的なレシピ＆クラシックな料理。料理の本
539529556	Penny Football	コインサッカー
702941320	Brazil Football results & schedule	ブラジル サッカーの速報,日程,見所,結果&順位
955009268	Little Force	リトルフォース
609369070	Retro Frame Free - Edit, Make, Photo Pic Collage edits with instasize style to create vintage vidsticth image editor	Retro Frame Free - 編集、確認し、レトロなヴィンテージスタイルのコラージュを編集する偉大な写真のエフェクトを作成します。フォトコラージュの作成者やメーカーは
787182202	Photo Frames For Lovers	恋人のためのフォトフレーム
854867062	Easter Frames and Masks	イースターフレームとマスク
885757663	Multiplied Freakiness - A Super Addictive Multiplication Game For Fast Thinkers	乗算された恐ろしさ - 高速思想家のスーパー中毒性の乗算ゲーム
605125565	着信音メーカー Free	着信音メーカー Free
516243047	Fighter Free	ファイターフリー
521823929	LifeChecker Free - Highly-Functional Check app	LifeChecker Free - シンプルで高機能なチェックアプリ
865170902	MotionX Free - Motion Detector	MotionX無料 - モーション検出
521946672	Checklist∞ Free - Perfect checklist	Checklist∞ 無料版 - チェックリストアプリ 繰り返し, 階層化
ivate Browser Free - Support Fullscreen and Multi-Tabs	プライベートブラウザ 無料版
941887515	Magnetometer Free - Teslameter and EMF Detector Tool	磁力無料 - テスラメータとEMF検出器ツール
967323451	RadiON2 Free -The world's best music radio stations are here!	RadiON2 Free - 全世界5万のラジオチャンネル感想!
836467261	Chess Free 2014	無料チェス
374389167	2615 Free Bible Maps Plus Bible Study and Commentaries	マップと聖書研究と2615年聖書の名前。
936873789	All Free Falling	すべての自由落下
884729728	Milo's Free Mini Games for a wippersnapper - Barn and Farm Animals Cartoon	Milo 無料ミニゲームー納屋と農場の動物アニメーション
597143665	ezCardTrick Free Version (easy Magic Trick App)	簡単なカードマジック (ezCardTrick)
668897148	RightNow French Conversation	すぐ使えるフランス語会話
919231919	Christmas Fun Snow Maker Santa Run Solitaire Classic Free Cards Game Casino Salon Solitaire Deluxe Edition	クリスマスソリティアフリー Christmas Fun Snow Maker Santa Run Solitaire Classic Free Cards Game Casino Salon Solitaire Deluxe Edition
793881971	Retro Future Racing	レトロフューチャー·レーシング
434803288	PARACHUTE GP	パラシュートGP
913878961	Protect Galapagos - An evolutionary Match 3 game	ガラパゴスの保護- 無料。進化のマッチ3ゲーム
439622315	Fish Galaxy	フィッシュギャラクシー Fish Galaxy
455950765	Escape Game "An Uninspired Man"	脱出ゲーム "退屈な男"
521519384	Powder Game Viewer	粉遊びビューア
638717306	Match Game for Toddlers and Kids : cats, dogs and puppies ! FREE	幼児や子供のための記憶ゲーム：猫、犬や子犬！ - 赤ちゃんのためのアプリ - - 記憶ゲーム - 子供のためのゲーム無料
586948560	Emoji Game!	絵文字ゲーム
944928835	Best Game. Ball edition.	最高のゲーム (Best Game. Ball edition)
708303974	4x4 Gangster Crime Police Smash Wars - Monster Truck Mafia Games FREE	4x4 マフィアレーサーカーレース - モンスタートラックゲーム - 無料 ゲーム
554428409	Number Garbage	ゴミ捨て
981518305	A Garden Counting game for children: Learn to count the numbers 1-10	123アクティブ！ 数字をカウントすることを学ぶためにゲーム 庭の子供のための
935700943	Change Gears Racing	Change Gears Racing -チェンジギアレーシング-ギアチェンジで最速を目指せ
861552892	Bear’s Gift: Create Game Free HD	Bear’s Gift:ベアーズギフト：ゲーム無料の作成 HD
623158699	Talking Ginger 2	おしゃべり猫のトーキング・ジンジャー2
926127360	Little Girl Clean Up Game	リトルガールクリーンアップゲーム
912783090	Salsa Girl Dancer Makeover - Cute fashion dress up game for girls and kids	サルサ ダンサー ガールメイク - かわいいファッションの女の子と子供のためのゲーム。美容、メイクや本当の王女の物語星の女の子変身
924613799	Pirate Girl Make Up Salon – Stylish girls fashion game	海賊の女の子が作るサロン-スタイリッシュな女の子ファッション ゲーム
944165045	Bikini Girls Dress Up	ビキニの女の子はドレスアップ
981883776	Funny Golf	面白いゴルフ
912339381	Crazy Gorilla With Flying Wings	フライング翼を持つクレイジーゴリラ
939519861	English Grammar Quiz - Learn Together	英文法クイズ
755398884	Celebrity Guess (guessing the celebrities quiz games). Cool new puzzle trivia word game with awesome images of the most popular TV icons and movie stars. Have fun predicting the famous celeb, talented musician, iconic athlete and sports icon. Free!	セレブリティ（クイズ推測ゲーム）最も人気のあるテレビや映画スターの素晴らしいイメージを持つクールな新しいパズルトリビア単語ゲーム。有名な人、。楽しさと無料！
514791348	Fukuoka Guide	よかばい福岡
979158921	Florence Guide Events, Weather, Restaurants & Hotels	フィレンツェ ガイド。イベント、天気、レストラン＆ホテル
951609336	Real Guitar Instrument	リアルなギター
877348484	iJangle Guitar Scales: Pentatonic - Blues Scale - Modes - Chart - FREE	iJangle Guitar : ギター  - ギターのスケール - ギター スケール 練習  フリー
598487184	RabbitFight HD	ウサギショット狼 HD
498834744	SPEED HD FREE	スピードHD
838109798	Calculator HD· Free - Simple Calculator with Black White Tile Display & Notable Paper Tape for the iPad,iPhone and iPod	電卓HD· 無料 - アプリ,iPhoneとiPod用ブラックホワイトタイルディスプレイ＆注目紙テープで簡単な計算機
783511889	Japanese HIRAGANA -Touch&Sounds- FREE	平仮名ボード しゃべる50音表 FREE
946776352	Christmas Hair salon - Christmas Games	クリスマスのヘアーサロン - クリスマスゲーム
991666827	New Hairstyle Girls	新しいヘアスタイルの女の子
830154769	Little Hand Doctor - kids games	手の医者 - 子供のゲーム
694492667	Hearing Healing - Relaxing Music & Alarm Clock (Free)	リラックス・ヒーリング - 心地良い睡眠サウンドと目覚まし時計（無料）
850365954	Helpless Hero	まるごし勇者！
866588891	Laser Hero	レーザーヒーロー
916483584	Super Heros Game	スーパーヒーローゲーム
982832401	Palace Hidden Object Game	宮殿 隠しオブジェクト ゲームズ
805516920	Motorcycle Highway Drag Race - Free High Speed Bike Rider Racing	オートバイハイウェイドラッグレース - 高速バイクライダーレーシングゲーム無料
446601010	Endurance Hockey	耐久ホッケー
954754423	Sagittarius Home	射手座のホームページ
454086751	Flick Home Run !	Flick  ホームラン !
939858807	Kids House Cleaning, Baby Home Care Party Game	子供たち 家 クリーニング 赤ちゃん ホーム ケア パーティー ゲーム
903710937	Princess House Design	プリンセスハウスの設計
880034611	Learn How To Draw :  League of Legends Edition	伝説のリーグ：描画する方法を学ぶ
978801590	Duck Hunt-ing Island Elite Challenge - 2015 to 2016 Pro Showdown	ダック狩猟島エリートチャレンジ - 2015 2016プロ対決へ
882493523	Deer Hunting in Forest – Play Big Buck Shooting Safari Fun Game	-森林のシカのハンター大きな降圧撮影サファリ楽しいゲームをプレイします。
846623356	Gorgeous Hyakunin Isshu	ゴージャス百人一首
963524863	A++ Ice Beauty Salon Fashion Girl - Libbi High School Story	++アイスガールファッション美容サロン - Libbi高校ストーリー
942443499	Frozen Ice Popsicles Maker2	冷凍アイスアイスキャンディーMaker2
884957928	An Impossible Test Road: Stay On The Line Game Plus Tilt Control Mode	インポッシブルテストロード：オンラインゲームに滞在プラスコントロールモードを傾けて
962596543	Baby In Hair Salon	赤ん坊の毛が行わ
635145179	Sleep In Office - Avoid funny lookout of the boss	会社で寝よう！ - 社長と社員の居眠りバトルゲーム
941248165	Concrete Island	ドッスン軍艦島 〜 ブロックつみつみ
915360504	Pump It!	このポンプ！
732952271	Mt.Fuji Japan	きょうの富士山
303486832	gogoNavi Japanese <> English Offline Dictionary (Lite Version)	語語ナビ 和英 <> 英和 辞書 Lite オフライン対応!!
905744735	Learn Japanese Hiragana High Speed Tap - It's Brain Training. You can challenge the game super hard.	あいう 早押し ゲーム - 日本語のひらがなを学ぼう、教育に最適、脳トレに最適な超難関モード、ハード、スーパーハードあり！
393819543	日本の姓氏 Japanese Name	日本の姓氏
965628227	Check Japanese Verb Part1 "て(Te) form"	Check Japanese Verb Part1 "て(Te) form"
880583489	Word Jelly Jumble	単語ゼリージャンブル
841972885	Kitty Jetpack-a very tortuous  Pixel adventure game!Not flappy Not 2048!Not bird!	Kitty Jetpackキティジェットパック、非常に曲がりくねったピクセルアドベンチャーゲーム！
530039336	Desserts Jigsaw Puzzle	デザートジグソーパズル
379240463	Trovit Jobs - Find work offers	トロビット・ジョブズ - 仕事を探す
959821355	Tom Joy Restaurant-EN	トムジョイレストラン-EN
980202197	Kitten Jump Game JUMP UP Kitty – Single Tap Climbing Pet	ジャンプ子猫 のジャンプネコ -  登山ペットシングルタップゲーム
804638304	Doo Jump!	グー ジャンプ
929982899	Cookie Jump: The Jump For Freedom	クッキージャンプ：自由のためにジャンプ
600495545	Write KATAKANA	カタカナかこう
861866321	Magnetic Kanji Ball	マグネット漢字ボール
867385039	Kids Kidney Doctor – Amateur surgeon and kids doctor game with body X Ray	キッズ腎臓ドクター - 体のX線をアマチュア外科医と子供ドクターゲーム
842535110	Dirty Kids Makeover	汚いキッズ変身
882183096	Free Kids Puzzle Teach me Cowboys and Indians Cartoon: Learn about Indian adventures and cool cowboys	フリーキッズパズル 教えて　カウボーイとインディアンコミック：　インディアンの冒険やかっこいいカウボーイについて学びます。
866376127	Color Killer	色は？目信頼できるわけではありません？
583261254	Christmas Kiss & 圣诞之吻	Christmas Kiss & クリスマスキス
919356256	Romantic Kisses	小さなカップルロマンのキス
648243592	Throwing Knife King 3D Free	ナイフを投げる 3D Free
551991611	Learn Korean - learn to sing the Korean songs	韓国習って歌う
547968628	Learn Korean Free: Phrases & Vocabulary Words for Travel & Study in Korea | Korean Translator - Bravolol	韓国語を学ぼう:  韓国に旅行、勉強＆住むためのフレーズ＆語彙 - Bravolol
927335243	Mr Kudo teaches Japanese "Hiragana" Russia	工藤さん「ひらがな」教えてんすか！（ロシア語編）
517995893	iBackgammon LITE	バックギャモン LITE
778008540	Effect Lab - Add Colors, Photo Editing Effects, like color, blur and Filters to edit Photos and Pictures w/ camera	Effect Lab - カメラと写真と写真の焦点に色、編集エフェクト、フィルタを追加
972548285	Agility Ladder	はしごステップ
943484100	Aaaah! Las Vegas Hi Lo Card Casino Video Poker Jackpot!	AAAAH！ラスベガスハイローカードカジノビデオポーカージャックポット！
461707244	China Legend	中国の昔話
778294373	English Lesson of Transport for Grade A Kids	「輸送」の英語の語彙
907354877	Don't Let Them Go - An Addictive Physics Based Ball Game	それらを手放すしないでください - 中毒性の物理ベースボールゲーム
438594151	Battery Life (Free)	バッテリーの耐用年数
344352798	Free Light	フリーライト
906935665	Stealth Lion - A Wild Zoo Jump And Escape Story 2D FREE	影のライオン - 野生のジャングルの冒険
457391287	NewDay Lite	新しい毎日 Lite
901425073	PopDictReader Lite	英文読書の効率アップ！ PopDictReader Lite 〜 英語の多読でTOEIC高得点を取得しよう
430216486	SheetRack Lite - Original Sheet Music Score Read...	SheetRack Lite  は独創的な楽譜用アプリです。
990175212	Pretty Little Bride - The hottest bride girl games for girls and kids!	かわいい花嫁の - 女の子と子供のための最も熱い花嫁の女の子のゲーム！
796323908	GoAnime-Anime Location Map	GoAnime-アニメ名所マップ
884188347	Cars Logos Quiz! (new puzzle trivia word game of popular auto mobiles images)	車のロゴクイズ！ （人気のオートモービル·イメージの新しいパズルトリビア単語ゲーム）
932233662	Mermaid Lola Baby Care	ゲーム名：かわいい赤ちゃん人魚
884046074	Ladder Lottery plus.	あみだくじプラス-使い易い 無料のあみだくじ おみくじ
948236841	Pony Love Dress Up	ポニーは、ドレスアップするのが大好き
490087268	Love Love Konchi	ラブラブコンチ
886561711	I Love You - 101 way to say I love you to your wife	私はあなたのフレーズが大好き
990854250	Baby Lulu Hair Salon	赤ちゃんルルヘアー
376962116	PriPri MARRON mini - Kawaii Puri Frame	プリプリまろん mini　～写真デコレーション～
705188544	Scary ME! FREE - Easy to Monster Yourself Face Maker with Gross zombie Dead Photo Effects!	無料の売上総ゾンビデッドフェイスエフェクトでハロウィンモンスター自分自身に簡単！- Scary ME! FREE
845835380	BOKOSUKA MOGULAND	ボコスカ！モグランド
696463126	SLIDE MOVIES -Easily create Movies with Music. Beautiful Camera App- FREE	SLIDE MOVIES -好きな音楽で動画編集-
509542249	My Magic Guitar Free HD+: Play and learn the guitar. Have fun with this free game. Ideal for kids and adults	My Magic Guitar Free HD+:再生すると、ギターを学ぶ。この無料ゲームを楽しんでいる。子供と大人のための理想的な
931219921	Princess Make-up Salon - Pretty girl makeover game for girls and kids	メイクアップ サロン - ファッション ゲーム女の子と子供のためのおとぎ話のプリンセス
527117267	Sticker Maker	スタンプメーカー
899137194	Bypath Maker	抜け道ルートメーカー
955328550	Noodle Maker - Crazy chef game and cooking adventure	麺メーカー - クレイジーシェフゲームや料理の冒険
982885060	Coffee Maker - Crazy cooking and kitchen chef adventure game	コーヒーメーカー - クレイジー料理とキッチンシェフアドベンチャーゲーム
783517380	Burger Maker Deluxe - Fast Food Cooking Game	Burger Maker Deluxe - ホットドッグデラックス- ファスト・フードを料理するゲーム
480614534	Eye Makeup Trends	メイクのトレンド
1001887014	Shopaholic Maldives Makeover -  Free Game For Girl's and Adults	買いもの中毒モルディブ変身 - 女の子のと大人のための無料ゲーム
465646699	Money Manager Pro Lite – Personal Finance, Expense and Budget	らくな家計簿 Lite ( + PC 家計簿 )
922852484	Action Manga Quiz : Comic Character Guess Trivia	Action漫画クイズ - Manga Anime Charactor Quiz Edition
505868171	Maze Mania Free	どこでも迷路 無料
907498140	Break Many Bricks	多くのレンガを破る
437779254	Radioactive Map	みんなの放射線マップ
698436815	Cleopatra March	進撃のクレオパトラ
951750534	Jewel Mash	ジュエルマッシュ
967158655	Princess Masquerade-CN	プリンセスマスカレード-CN
923301099	Facial Massage: maintain beauty with best anti-aging techniques & skin care tips	若々しいお肌を！フェイス・マッサージ： お肌に合ったアンチエイジング方法やスキンケアで美しいお肌を保ちましょう
922499464	Cookbook Master - Kitchen Chef Simulator & Food Maker Game	Cookbook Master - レシピを準備します。食事を作る。
689003553	QR Master - simple and fast QR Code and Barcode Reader / Scanner and Generator.	QRマスター - 簡単かつ迅速にQRコードやバーコードリーダー/スキャナとジェネレータ。
789382039	Addition Master 2	加法数学ゲーム 2
909884703	Effect Master Photo Editor App For iPhone And iPad: Filter Photos & Frames With Magic Effects	IPhone のための効果のマスターの写真エディター アプリと iPad: フィルターあなたのフレームを持つ魔法の効果
381473621	Connect Master for iPad	連連見る
995953999	Chef Match 3 Sons - Hamburger Pizza Cake Sushi	シェフマッチ3サンズ - ハンバーガーピザケーキ寿司
909710381	Baby Match Game - Learn the numbers in German	赤ちゃん 一致すると、こちらをご覧ください - ドイツ語の数字
909716403	Baby Match Game - Learn the numbers in Italian	赤ちゃん 一致すると、こちらをご覧ください - イタリアの数字
909878819	Baby Match Game - Learn the numbers in Turkish	赤ちゃん 一致すると、こちらをご覧ください - トルコの数字
768084574	Birds Match Games for Toddlers and Kids ! Memorization and Educational Game FREE	幼児や子供のための鳥のメモリーゲーム！無料アプリ：女の子のためのアプリ - - 子供のためのゲームを暗記することを学ぶ
969027912	A Matching Game for Children: Learning with Cars and Vehicles	ABC 記憶ゲーム 子供のための - 学ぶ 車や車両との
932764934	A Matching Game for Children: Learning with animals of the forest	ABC 記憶ゲーム 子供のための - 学ぶ 森の動物との
878901688	Cat Math Game	猫の数学ゲーム
692741204	Escape: Mathematician's Chamber	脱出ゲーム: 数学者の書斎
542964615	Speedy Maze	スピード迷路
835598163	Kiss Me! Rush!	私にキス！急いで！
828451957	Diet Memo & Stamp	ダイエット メモ & スタンプ
735645932	The Memory! Special training!	記憶力！特訓！みんなの記憶力
958437775	Best Merge+ Video Maker: Add Music, Sound Track To Videos For Instagram, Facebook, Youtube	マージ + ビデオ メーカー： 音楽、Instagram 用のビデオにサウンド トラックを追加します。
896335873	Face Merging	顔合成　～二人の顔写真からモーフィング動画を作成～
358691639	Amida Mikann	あみだくじ　みかん
667217222	Smart Minesweeper the most easy and comfortable mine sweeper ever	超快適マインスイーパー　スマートマインスイーパー （Smart minesweeper） サクサク遊べる爆弾ゲーム
906643735	Bathroom Mini Games – Crazy & Funny Doodle Games with Silly Hilarious Time Pass Restroom & Toilet Adventures	浴室ミニ ゲーム-クレイジー & 面白い落書きゲーム愚かな陽気な時間パス トイレ & トイレの冒険を
955274924	Lemon Mint Sparklers - Games for girls	レモンミント花火 - 女の子のためのゲーム
386196121	5 Minute Fat Loss - quick workouts for weight loss	５分の脂肪燃焼運動
540375970	5 Minute Home Workouts - Quick abs, fat loss, fitness, yoga and core exercises for men and women	家で５分間エクササイズ - 腹筋、脂肪燃焼、ヨガなどもっとたくさんのエクササイズ！
845241642	2048 Mobile Logic Game - Join the numbers	2048 パズル - 無料ゲーム - 無料アプリ
1007798439	Retro Model Photographer	レトロモデルフォトグラファー
967168872	Magazine Mogul Lite	ふれあい出版局 Lite
633395477	Talking Monster Girl	おしゃべりモンスターガール
533852002	防蚊專家 Mosquito Bye Bye ™	アンチモスキート專門家 Mosquito Bye Bye ™
667092278	Strong Motion Monitor Viewer	強震モニタビューワー
932723878	Our Mountain Adventure	登山ドレス
539182621	Panic Mowing	草刈りパニック
791920205	Kids Music - ABC, number, shape & color music videos for YouTube	子供の音楽 - 子供のためのABC、数、形状＆カラーミュージックビデオ
948092364	Doujin Music DEMO Player	同人音楽DEMOプレイヤー
912302033	Free Music Video for YouTube - Continuous playback for online videos by playlist!	無料で音楽動画見放題 - Free Music Video for YouTube
879080266	Yoga Music and Relaxing Sounds Free HD - Bring you to a new world	ヨガの音楽とリラックスは無料のサウンドHD - 別の世界へとあなたを取る
532826479	Monitor My BP by APG Solutions LLC for iPhone and iPad	iPhoneとiPad用APGソリューションLLCによってマイBPを監視する
380311748	zombie My Face - FREE	ゾンビは私の顔 - 無料 (Zombie My Face - FREE)
972438774	Cut My Face Pro - SuperImpose & Easy Photo Chop Background Eraser Editor	私の顔をカットプロ - スーパーインポーズ＆イージーフォト背景消しゴムエディタ
879830548	Hack My Life - Life Hack Wiki	マイ·ライフハック
978704340	Bride Nail Makeover Salon Game	花嫁ネイル変身サロンゲーム
975208465	Fashion Nails 3D Girls Game: Create Awesome Manicure Designs in Your Beauty Salon	ファッションネイルズ3D – 女の子ゲーム: ネイル デザイン
730854230	All New Dreamdays - Countdown to the Days that Matter	斬新なDreamdays：その大事な日までカウントダウン
338082565	Aar's New York Pro Baseball Trivia	AARのニューヨークプロ野球トリビア, Aar's New York Pro Baseball Trivia
989432055	Taliyah Newborn Sister Birth Games	Taliyah新生児姉妹誕生のゲーム
710564937	Soccer News & Video Collection SoccerTube Free	サッカー ニュース速報 & 動画コレクション SoccerTube 無料
805932891	French News Audio Free	フランスのニュースオーディオ FREE
739722574	English News Reading and Vocabulary	英語ニュースの購読と語彙
907455105	UK News. Latest breaking news (world, local, sport, lifestyle, cooking). Events and weather forecast.	英国 最新のニュース速報（世界、ローカル、スポーツ、ライフスタイル、料理）。イベントや天候。
908232618	Turkey News. Latest breaking news (world, local, sport, lifestyle, cooking). Events and weather forecast.	トルコ 最新のニュース速報（世界、ローカル、スポーツ、ライフスタイル、料理）。イベントや天候。
377298018	Nightsight Night Cam Free	ナイトビジョンカメラ - 無料
986736915	Shinobidu: Ninja Assassin 3D	忍道:究極の暗殺 3D
933641477	Samurai Ninja Kid Karate Master Game	サムライ忍者子供空手マスターゲーム
650528295	Karate Ninjas - Best game for real kungfu masters	空手忍者 - 本物のカンフーマスターのための最高のゲーム
538355937	White Noise and Nature Sounds Free	ホワイトノイズの音：家族みんなのための素晴らしい睡眠と共にリラックスします。- 無料
918407138	No2g: Nonogram Griddlers	No2g: 「ノノグラム」 「お絵かきロジック」
623862072	Mood Note(lite)	ムードノート(free)
952210297	Note-taking NoteCrab - Notes Sync with Dropbox, Attachments, Lock Password, Encrypt Notes	メモ書きNoteCrab（Dropbox連携、写真や音声添付機能）
954153634	Easy Number Place	やさしいナンプレ
714882042	Same Number ~Find Same Number~	Same number - 9つの数字から同じ数字を選ぶだけのシンプル脳トレパズルゲーム 集中力を高めて脳を活性化
887073906	Tap Nums!	Tap Nums! 楽しく電卓タイピング
793774469	Hidden Object: Mystery in the Aquarium	隠すこと - 海のミステリーアドベンチャー
907041583	Hidden Objects Game - Boys Rooms	隠しオブジェクトゲーム - ボーイズルーム
964809096	Hidden Objects Game For Children	子供のための隠されたオブジェクトのゲーム
959686520	House Objects Puzzle Game For Kids	ハウスは、子供のためのパズルゲームオブジェクト
960246203	Care Of The Baby And Mother-EN	赤ちゃんと母親のケア-EN
516359656	Place Of 〜 Landmarks with Pumpkins 〜	場所録〜カボチャで道標（みちしるべ）〜
466270373	Dictionary Offline Free	オフライン辞書 - 無料
965179896	Israel Offline GPS Map & Travel Guide Free	イスラエル共和国 オフラインマップ、トラベルガイド。無料版
371340282	Fart On Time	時間通りにおならをする
523420126	Real OniGokko BLACK	リアル鬼ごっこ 黒 -ホラーアクションゲームアプリ-
581752213	Writing Order Kanji 1st	書き順ロボ 漢字一年生（子供・小学生向け手書きアプリ）
919065245	Thoroughly Ordering	とことんOrdering
606143873	CoordiSnap-Fashion Outfits Styling- Share What You Wear Today !(OOTD)	コーデスナップ -ファッションコーディネートアプリ コデスナ
966198720	HOME PEG SOLITAIRE	ホーム ペグ ソリティア
998432188	Draw Paint Beautiful For Kids	塗料美しい家 壁 ステップによって インテリア 絵画 少し ポニー 喜び シャーウィン 子供のため描画ウィリアムズ 外装
905863087	Zen Painting - Japanese Style Painting, Ukiyo-e Image and India Ink Painting (Suibokuga・Sumie) Effects Photo Editor -	写真で和風画 - 墨絵や水墨画風、日本画風のイラストを作る無料の写真加工・画像編集フォトフィルターアプリ -
905724516	Rock Paper Scissors Challenge	じゃんけんの挑戦
945614976	Car Parking 2015	車庫入れ
926197809	Halloween Party Hidden Objects - Mystery Games for Kids	ハロウィンパンプキンヘッド ーム 隠されたオブジェクトの非表示 - 子供 ゲーム
982796391	Karaoke Party: Girls Dressup. Dress up a singing star with fashion clothes.	カラオケ パーティー： の女の子のドレス。ファッションの服と歌うスターをドレスアップします。
755791894	Hard Path - Impossible puzzle draw line maze game	Hard Path - 不可能パズルドローラインの迷路ゲーム
820787113	Super Penguin Flight - Flappy Air Penguin Adventure	スーパーペンギンの飛行 - アプリゲーム無料おすすめ面白いミニ脱出ジャンプ人気レトロおもしろ飛行機フリーいこども
518209051	Bouncy Penguin Free	飛び立てペンギン EXT
891202759	Circus Performer Makeover	サーカスパフォーマーの変身
911064628	Baby Pet Doctor Game	ベビーペットドクターゲーム
1004916416	Cute Pet Pop Free - A pop puzzle game	かわいいペットの排除 - 無料パズルゲームを
994725718	Little Pet Run	リトルペットラン
703147137	Free Pets Cartoon Jigsaw Puzzle	無料ペットパズル漫画子供
332388422	Abyssinian Petting Cat 3D REAL Lite	なで猫アビシニアンAbyssinian Petting Cat 3D REAL Lite
945104821	Christmas Photo Booth - Make Me Santa Claus! Add Funny Stickers, Cool Text & Quick Edit.	クリスマスフォトブース -ミーサンタクロースを作ろう！おかしいステッカーを追加し、テキストとクイック編集写真。
1004279454	zombie Photo Editor	ゾンビフォトエディター
934345509	Beauty Photo Editor Collage Maker	コラージュメーカーフォトエディタ
953965047	Quick Photo Effect- Fun and Funky photo editor free	クイックフォトEffect-楽しさとファンキーなフォトエディタ
641389805	Wallpaper Photo Frame	壁紙写真立て
362283032	Cat Piano (FREE)	ねこピアノ (無料)
436115161	QQ Piano - Cute Animals Sheet Music, Kids Can Follow To Play - Free	QQのピアノ - かわいい動物の楽譜、子供たちが遊ぶために従うことができます - 無料
867654947	Logic Pic - Free Nonogram, Hanjie or Picross Picture Puzzles	Logic Pic - ロジックの課題にパズル
535975690	Hairy Pic Booth Free	Hairy Pic Booth Free - 毛むくじゃらのPICブースフリー
824515233	Kanji Picross [Free nonogram]	漢字ピクロス　無料のロジックパズルゲーム
959684129	Love Pics Lab - A Photo Editor With Cool Stickers,Meme & Hearts For Valentine Day Lol Card	愛写真ラボ' 画像エディター - クールなステッカー、ミーム、カメラの効果とかわいいテキストためバレンタイン カード
663687070	Text Pictures Lite - Including Amazing Text Keyboard	表情文字集 Lite ‐ あなただけのカスタマイズキーボード ‐ 自分でたくさんの文字顔を作って友達に送ろう。
430152138	Talking Pierre the Parrot	おしゃべりオウムのトーキング・ピエール
430152294	Talking Pierre the Parrot for iPad	おしゃべりオウムのトーキング・ピエール( iPad用)
896112850	UsaAza Pilot	うさあざパイロット
316227296	10 Pin Shuffle™ Bowling	10 Pin Shuffle™ ボウリング
341894188	10 Pin Shuffle™ Bowling Lite	10 Pin Shuffle™ ボウリング Lite
759638885	A Pizza Shop Ninja - The Best Fruit Slice and Chop 3d Game	ピザショップ忍者 - ベストフルーツスライスとは、 3Dゲームをチョップ
961334253	Number Place Color7 #3	ナンプレ カラー7 #3
551037919	ATM Places	現金自動預け払い機
542283126	Japanese Plan - N2 Listening	日本語学習プランーN2ヒアリング
874945514	Ace Plane Craft Free - Block Airplane Mine Mini Game	エースプレーンクラフト無料 - 戦闘機の飛行シミュレーション
574323535	Treasure Planet FREE edition	トレジャー・プラネット（無料版）
957728730	Free Play with Farm Animals Cartoon Jigsaw Game for toddlers and preschoolers	無料で農場の動物を遊ぼう 幼稚園、就学前の子供や幼児保育園のために設計されたジグソーパズルゲーム
531131173	Horoscope Plus - Read Daily Weekly Monthly and Yearly Astrology	占いプラス
970414001	A Police Station Education-al Kid-s Game-s with Colour-s and Puzzle Task-s	色付き警察署教育子供向けゲームとパズルのタスク
949248759	`` Pony Adventure Coloring Book Free for Kids - My little Unicorn MLP 2016 Edition	子供のための``ポニーアドベンチャーぬりえ無料 - 私の小さなユニコーンMLP2016版
997583135	Balloon Pop!!	バルーンポップ【風船割り】
764360816	Bubble Popping Trouble and smash hit pop crush heroes legend & saga - pop clash trials and don't tap the difference bubble with friends,bubble match 3 & math 2048 game free	バブルトラブルをポップヒットポップクラッシュヒーローズ伝説＆佐賀スマッシュ - ポップ衝突試験をし、友人との差分バブル、バブルマッチ3 ＆数学ゲーム無料をタップしないでください
882135922	Kids Portuguese ABC alphabets book for preschool Kindergarten with free phonics & nursery rhyme song.	無料フォニックス＆童謡曲と就学前の幼稚園のためのキッズポルトガル語の のアルファベットの本。
379973593	Learn Portuguese with busuu	busuu でポルトガル語を学習
385465886	Japan Post Office Navigation	郵便局ナビ
375654477	Honey Pot Red	ハニーポット -  落下するブロックパズルゲーム  - Honey Pot Red
529081976	Land Price Map for Japan	地価マップ(公示&調査)
489159177	Talking Princess	おしゃべりプリンセス
662641567	Good Private Browser - Support Fullscreen and Multi-Tab, Fast and Simple	グッドプライベートブラウザ - サポートフルスクリーンとマルチタブ、迅速かつ簡単
838645379	Nogurt2 Private Lock notes	ロックメモ帳 Nogurt2 - 写真、リンク、ボイス
663233361	aContacts Pro - All-in-One Contacts & Groups Manager includes (Google,Facebook,Yahoo,LinkedIn) Contacts Sync, Contacts Backup for Excel, Contacts Cleaner	aContacts Pro - スマートコンタクト&グループマネジャー、Google Gmail/Facebook/Yahoo用コンタクト・シンク、Excelへのコンタクト・バックアップ、連絡先を重複削除
804527683	Padgram Pro - Instagram Viewer for iPad	Padgram Pro – iPad 用 Instagram 閲覧アプリ
468610525	Qrafter Pro - QR Code and Barcode Reader and Generator	Qrafter Pro - QRコードとバーコードの読み取りと作成アプリ
541381733	Piano Prodigy	ピアノの天才
983599210	My Prom Dress Up and Make Up Game	私のウエディングドレスアップとメイクアップゲーム
930774050	Princess Prom Party Makeup & Dress up Salon	姫プロム パーティー メイク & ドレスアップ サロン
673941820	Don't Push the Button -room escape game-	絶対に押してはいけないボタン -脱出ゲーム-
792604883	Crossword Puzzle  -Japanese-	クロスワード・パズル　〜簡単操作の新感覚クロスワード！
925692878	US Puzzle - an educational, geographical puzzle game of America to teach you the states, major cities and capitals of the country	米国のパズル - あなたの国の状態、主要都市や首都を教えるためのアメリカの教育的、地理的なパズルゲーム
511736378	Block Puzzle Extreme	パズルをブロック
689111632	Candy Puzzle HD	キャンディパズル
820138888	Color Puzzle for Education	カラー図形ぱずる・おやこでカラーパズルを楽しもう！
630429927	Kids Puzzle:Sort The Shapes 2+	【子供向け】わくわくパズル！かたちあわせ（無料知育）
853612866	Digger Puzzles for Toddlers and Kids : play with construction vehicles ! FREE game	自動車や幼児や子供のための掘削機でパズル：建設機械で遊ぶ！無料ゲーム
820263677	Flying Pyro Bird - Flap Your Wings To Fly	パイロバードフライング - フラップあなたの翼は、飛ぶために
979827723	Charming Qing Princess HD	魅力的な清プリンセスHD
928738288	Couples Quarrel	カップルの喧嘩
562822539	Calculator Quest	電卓クエスト
810957839	Chicken Quest -Explore the den of tigers to collect treausre!	チキンクエスト～金になる宝石をコレクション！虎のアジトを探検するぴよ～
532157865	Animal Quiz Game	動物のクイズゲーム
561874498	Luxury Quiz® FREE	ブランドクイズ(Luxury Quiz® FREE)
971942835	3D RC Boat-ing School - Park-ing Madness Sim-ulator Lite	3 D RC ボートの学校 - 狂気シミュレータ Lite 駐車場
967097907	LDK ROOM - room escape game	脱出ゲーム LDK ROOM
921381051	Anagram RPG - The Word of the Rings	英単語RPG ワード・オブ・ザ・リング
837132510	Jeep Racing Game	ジープレーシングゲーム
806447963	Chinese Radio - Listen and Learn	中国語ラジオ - 聞くと学び
515840666	Classical Radio+	クラシックラジオ
946797213	Japanese Radios  •	Japanese Radios  • 日本のラジオ
933598527	Pop Radios by Wavelab	人気の音楽ラジオ
644797422	Cat Raid	ねこぜめ
897446188	Always Ramen	無限ラーメン
453196877	Tohoku Ramen	日本東北の拉麵
996504849	Radio Rap	ラジオ ラップ
426170776	QR Reader for iPad	QRコードリーダ for iPad
579659539	Christmas Recipes - Winter Drinks for the Holiday Season!	クリスマスのレシピ - Christmas Recipes & Winter Drinks
880933054	Super Recorder Lite	レコーダー Lite
665370579	The Red Riding Hood Sisters: Dark Parables HD - A Hidden Object Adventure	ダーク・パラブルズ：赤ずきん姉妹団 HD - アイテム探しアドベンチャー
989197543	Tyre Repairing Shop: Fix the tires of auto cars in this crazy mechanic game	タイヤの修理店は：このクレイジーメカニックゲームで自動車の車のタイヤを固定します
985153297	Snow Rescue Excavator 3D - City Crane Driver Heavy Snow Plow Duty Simulation	スノーレスキューショベル3D - シティヘビー除雪クレーンドライバーのデューティ·シミュレーション
486863404	The Retro Phone	レトロフォン
730829397	iSnake Retrobit(Free)	レトロなヘビ(フリー)
797542209	Racquetball Revenge	カベ打ち魔神
938532268	MocoMoco Reversi Lite	モコモコリバーシ！〜ハクとコクの冒険〜 Lite版
969829173	Four Rhythms	フォアリズム
884913883	Logic Ring Master: Crystal Orb Element Saga	ロジックリングマスター - クリスタルオーブ要素佐賀 - Logic Ring Master 無料
553774752	iRing Ring Pro - Ringtone Wizard	iRing Ring Pro - 着信音ウィザード
461520384	SMS Ringones for iPhone Free	iPhone用SMS通知音 無料 - メール 着信音
626163912	All Ringtones Free - Ringtone Maker	着メロメーカー
962030475	Azul’s Rio Adventures	アズールのリオの冒険 - Azul’s Rio Adventures
909177752	Marble Robo FREE	マーブルロボ FREE
635636463	Psychedelic Rock - Internet Radio	サイケデリック・ロック - インターネットラジオ
662683441	Smart Room3	脱出 スマートルーム３
856684884	Smart Room4	脱出 スマートルーム４
623951690	Bottle Run	ボトルラン
871103434	RightNow Russian Conversation	すぐ使えるロシア語会話
423359506	Mt.Fuji SAMURAI	富士山斬り
956767671	Wildlife Safari Photo Jigsaw Puzzle Free	ワイルドライフサファリフォトジグソーパズル無料に
928170480	Teen Salon - Fashion Line Hero. Pretty girl makeover game.	ビューティー サロンでの若者のファッションの行。女の子のためのゲームをドレスアップします。
903658805	Breakfast Salon Restaurant Game	朝食サロンレストランゲーム
715642009	Beauty Salon – Wedding Dress Up	美容院－結婚式ドレスアップ
962096283	Limit Savage	極限の野蛮人
969916270	Driving School - 3D Bus Simulator 2015	駆動スクール - 3Dバスシミュレータ2015
561067103	Golf Score Management - GOLF NETWORK PLUS	ゴルフスコア管理 - GOLF NETWORK PLUS
834094517	Lock Screen Hd - Customize Your Lockscreen With A Fancy New Look	画面のHdをロック - 派手な新しい外観とあなたのロック画面をカスタマイズ
560738241	Tokyo Screens	東京スクリーン
571926034	Kanto Screens	関東スクリーン
949756889	Tennis Search - for games and players information. -	テニスサーチ - 男女ワールドツアー試合情報、選手情報の検索をサポート
987206133	Word Search Puzzle Pack	単語探しパズル
522637648	1sec Sense	１秒センス
919580146	AAA Shadow Monster Dancing – Color Matching Puzzle Game	AAAシャドーモンスターダンシング - カラーマッチングパズルを接続ゲーム無料
800856884	Easy Sharing	カンタン共有
815416621	Super Shark Fin - Crazy Diving Adventure Challenge Game!	スーパーふかひ - クレイジーダイビングアドベンチャーチャレンジゲーム！
887923581	Selfie Shave - My Hairy Face Makeover	セルフィー・カット－ヘアだらけの顔もスッキリ
898701530	Monster Shave – Beard styles, barber salon and hair dresser game	モンスターシェーブ - ビアードスタイル、理髪サロン、ヘアドレッサーゲーム
682110185	Exploding Sheep: The Impossible Herd	インポッシブル群れ：羊を爆発
902977068	Princess Shoes Design	プリンセスシューズデザイン
881399834	Remote Shoot ( simple and easy connect remote shutter )	Remote Shoot ( 簡単で易いリモートシャッター )
866761442	QMR ShopCalc useful calculator for shopping and value added tax calculation	2秒電卓"買い物レコ" 家計簿アプリおカネレコと連動するスーパーで便利に使える消費税計算機
742161505	Usual Shopping List	いつもの買い物リスト
981554587	A Short Man A Long Run	ショート男Aロングラン
348592286	Cat Shot	ネコショット
875817687	A Shovel Girl Snaps - Duck 4 Your Life	A Shovel Girl Snaps - Duck 4 Your Life シャベルガールスナップ - ダック4·ユア·ライフ
671837895	T-Shirt Show Free	ジグソーパズル T-Shirt
972358336	Surgery Simulator - Surgeon Games	手術シミュレータ - 外科医のゲーム
979661450	Horse Simulator Run 3d	馬シミュレータラン3D
427148293	Icon Skins Builder FREE - Create Custom Home Screen Backgrounds and Wallpapers	Icon Skins Builder FREE - カスタムホーム・スクリーンバックグラウンド・壁紙の作成
630500943	Baby Sleep:Twinkle MUSIC BOX	【こども向け】オルゴールで遊ぼう！キラキラMusicBox
956343308	Romantic Smoothie Drink Maker - cool slushy shake drinking game	ロマンチックなスムージードリンクメーカー - 最高の無料のクールなゲームズをプレイ アプリおすすめ飛行機オセロオススメ脱出最新マウンテンマリオランキンググリーきせかえ野球サッ
909996318	Neon Snake - Grow And Glow!	ネオンスネーク - 成長し、グロウ！
968243210	Military Sniper Simulator 3D	ミリタリー 狙撃兵 シミュレータ 3D
540481220	Rocket Soda Top Free Game - by Best Free Games for Fun	Rocket Soda - ロケットソーダ 無料ゲーム - 無料アプリ
480108626	SoulMate(Couple Solo Essential App)	SoulMate(カップル必須アプリ)
658115590	Sleep Sounds and Melodies Lite	無料睡眠サウンドとメロディー
955281011	Makeup Spa Doctor - Girls Games	メイクアップのスパ医師 - 女の子のゲーム
955048552	Super Space Cat	Super Space Cat キタコレ 25BITフルボッコヒーローズ
821538063	EN Speller	英語のスペルチェック
743783920	City Spider Swing-ing Free : Cool addictive world surfers escape game , the best bouncy app for boys and kids	市スパイダーフリースイング ：クールな中毒性の世界のサーファーが、ゲームを逃れる 男の子と子供のための最高の弾む無料アプリ
899827168	Basic SpiderSolitaire	スパイダーソリティア～無料で遊べるトランプゲームの決定版！大人気ソリティアシリーズ最新作～
919013888	Christmas Spirit	障害を見つけるクリスマスファンタジー
816511384	Best Sports Cars	ベストスポーツ車
916312649	Little Spring Girl - Dress Up! Game about makeover and make-up	本当の王女と変身を愛し、メイクアップ子供のためのファッションの女の子のゲーム - 小さな春の女の子をドレスアップ
725400299	Eraser Stamp Booth	けしはん道場
680067507	POP Star Rescue	EM レスキュー ゲーム
909480609	Rival Stars Basketball	ライバル・スターズ・バスケットボール
908811164	GPS Status with Sunrise & Sunset (locate me find my friends his car your family tracker fishing boating maverick)	GPSステータス及び日の出と日の入り (迷う ハイキング お釣り 地図 定位 ホテッル メッセージ ガイド 駐車 公園 ボート スキー 山登 トラッキング マップ 探す 荒野 ロケ ロケーション maverick)
863976645	Don't Step The Yellow Bird	鳥いとこ歩いたら死亡
977105059	My Sticker Camera for Girls - Decorate & Edit Pictures with Lovely Photo Stickers Editor	女の子のためのステッカーと私のカメラ- 飾ると素敵なフォトエディタと一緒に写真を編集する
981385434	Crypt Stones	クリプトの石
943309253	Happy Stork : Pregnancy Support App	コウノトリが妊娠・妊活をサポート：排卵日・生理日から妊娠のタイミングを予測、基礎体温・グラフの管理もできる＊無料＊カップルアプリ
545948884	Jurassic Story Dragon Games - Dinosaur Pet Breeding City Sim Game Free Fun For Monster Mania, Kids, Boys and Girls	ジュラシックストーリー【育成ゲーム無料】恐竜・ドラゴンを育てる、オススメ人気街づくりシミュレーション＆かわいい動物ペット箱庭暇つぶしげーむアプリ
913051451	Banana Strawberry Smoothie Cooking	バナナ苺シャーベット料理
944985709	NOBUNAGA Strike!　 Mistuhide of the Rebellion	信長の野郎　 Mistuhide of the Rebellion
916555656	Makeup Studio - Latin Dance. Cute dress up game for girls.	メイクアップ スタジオのラテン ダンサーの女の子
951532482	A1 Stylish Girl Dress Up Saga - Best fashion makeover game	A1スタイリッシュな女の子はサガをドレスアップ - 無料アプリゲームオセロスマホオススメ最新野球メダル花札ボード着せ替えアンパンマン
813506700	Fashion Stylist: Dress Up Game for Girls – Pop Star Fantasy Boutique	ファッションスタイリスト：女性のためのドレスアップゲーム　―　ポップスターのファンタジーブッティック
919151648	Portal Submission Helper for Ingress	ポータル申請ヘルパー for Ingress
948220469	Everyday Sudoku	毎日の数独
1003771284	A Summer Ice Cream Cone ! Free Kids Games	アイスクリームパーラー無料 - おいしいクリーミーグッズゲーム！!!!
986230687	Warm Sunshine	暖かい日差し
909542100	Baby Super Heroes – Fun game to save and rescue the city with professional action heroes	保存して、プロのアクションヒーローと街を救うために楽しいゲーム - ベビースーパーヒーローズ
835682146	Block Sushi	ブロック寿司
919052355	Bunny Swing	バニースイング
906524824	Doodle Swing – High Flying Swinging Adventure	落書きスイング - ハイフライングスウィングアドベンチャー   :   Doodle Swing – High Flying Swinging Adventure
742807885	Home TV - Watch DIY, HGTV, Home TV and Video on EndlessTV	Endless Home - 英語でテレビを見る
952122439	TINY TWIN BEARS' Sort the shapes	がんばれ!ルルロロのかたちあわせパズル
507729409	My Table Tennis HD	私の卓球 - My Table Tennis HD
839537734	Fruit Tac Toe - "Delicious" Tic Tac Toe Game for FREE!	フルーツまるばつ‐無料オイシイまるばつゲーム！
563153624	Tic Tac Toe for Kids	三目並べ - 子供版
504862623	Love Taking Photos	写真を撮って愛
947566852	Fairy Tale Princess - Games for girls	おとぎ話の王女 - 女の子のためのゲーム
558767950	Friends Talk - Chat, Meet, Dating	友達作りTalk - 友達募集 チャット アプリ
576335539	123 Tap Fast - It's Brain Training. You can challenge the game super hard.	123 早押し ゲーム - 脳トレに最適な超難関モード、ハード、スーパーハードあり！
372378676	50,000 Tattoos - Gold Gallery: Skull, Dragons, Animals, Predators, Monsters	5万入れ墨 - ゴールドエディション：スカル、ドラゴン、動物、捕食者、モンスター
972076085	VIP Taxi City Driver 3D Simulator - Parking and Passenger Pick & Drop	VIPタクシー運転手の3D都市シミュレータ - 駐車場、乗客ピック＆ドロップ
535714000	Pouring Tea Tiger	茶くみタイガー
954752662	Fun Telling Time Games - Learning How to Read the Clock with Interactive Analog Clocks	楽しい時間ゲームを伝える - インタラクティブアナログ時計と時計の読み方を学ぶ
934272185	Puzzle Tens	パズルテン
963055702	KawaiiBricks- The Breakout game you can play for free!	KawaiiBricks-無料で遊べるブロック崩しゲーム！
523509202	Finding The Difference - Lite	違いはフリー見つける
496883916	Smash The Glass!	ガラス パリンッ!
842521782	Where`s The Penguin !? -This is the casual and brain training game for free	ペンギンみっけ～子供の脳トレに！暇つぶしに！気軽に遊べるカワイイ無料ゲームアプリ～
952026621	Persimmon Thief	柿泥棒 ～ポコポコ柿を盗んじゃおう～ /暇つぶしゲーム
966142186	Angry Tiger Attack Simulator 3D	怒っている虎の攻撃シミュレータ3D
408205668	Dave's Tiles Puzzle Lite	デイブタイル Lite
1003520483	Day Timer - Smart & Multiple	Day Timer - スマート＆マルチ
973453634	Juicy Times - 女子に人気で話題のニュースまとめとコラムのオイシイとこどり	Juicy Times - 女子に人気で話題のニュースまとめとコラムのオイシイとこどり
959823248	How To Be A Stewardess	スチュワーデスの保養秘訣
837760371	How To Crochet: Guide & Best Video Tutorials Lessons	どのようにかぎ針編みする方法 How To Crochet
879070882	Learn To Draw : Graffiti	描くことを学ぶ：グラフィティ
968715368	Learn To Draw Retro Cars	レトロな車を描くことを学ぶ
406644151	Wunderlist: To-Do List & Tasks	Wunderlist: todoリストとタスク管理
458035231	Birthday Today	今日の誕生日
878044559	Kids Toilet Training	キッズトイレトレーニング
958574032	Cheating Tom 2	いかさまトム2
562694672	Shortcuts Tool FREE	ショートカットツール無料
403097004	Fast Torchlight	高速トーチ
405834473	Team Tottenham — News, results, fixtures and stats about you favorite team!	Team Tottenham — お気に入りのチームのニュース、結果、試合日程、分析データ！
494473293	Stamp Touch Lite - landscape of the earth 2	わくわくスタンプタッチLite - 地球の風景２
300645303	MewMew Tower	つみネコ
492528651	Mobile Tracking Recorder	モバイルトラックレコーダー
995788639	Parcel Tracking Service Super Quick	宅配便 荷物追跡 スーパークイック コピー 起動で即回答 再配達依頼が簡単 バーコード QRコード読取り
994682294	Battle Train 3: Bad Robot Aliens Fighting the Ultimate Subway Locomotive War Games	Battle Train 3/ ロケット列車の戦い：機関車は、地球外のロボットの戦い
448918017	Dog Training - Sounds	犬のトレーニングは、サウンド
922878653	Malay-Japanese Translator	マレー語翻訳
865949278	Voice Translator Freе -  translations with advanced voice recognition for travel	声翻訳者の無料 - 旅行と外国語学習のための高度な音声認識と音声翻訳へスピーチの即時の
1005474717	Excavator Transporter Rescue 3D Simulator- Be ready to rescue cars in this extreme high powered excavator transporter game	ショベル輸送レスキュー3dは、この極端なハイパワーショベルトランスポーターゲームで車を救出する準備ができシミュレータ
767253680	Hamburger Trapeze Act	ビルの谷間でハンバーガー
946402560	Holiday Travel Dress Up	ホリデー旅行ドレス
845162078	Racing Trial Bikes 2	レーシング土のバイク2
- Free Trivia Forehead Game	ワードシャウト - 無料のトリビアゲームの額
982356364	Taco Truck Wash - Dirty auto car washing, cleaning & cleanup adventure game	タコストラックウォッシュ - 汚れた自動洗車、クリーニング＆クリーンアップアドベンチャーゲーム
803785931	Pocket Tuber – Best Music Player & Listen Millions Of Song On YouTube	Pocket Tuber – 最高のミュージックプレイヤー＆Youtubeから何百万曲もダウンロード
527588389	Guitar Tuna – The Ultimate Free Tuner for Guitar, Bass and Ukulele with Chord tab game and Metronome	チューナー Guitar Tuna -  ギター、ウクレレ、ベース用のチューナー、 標準と変則チューニング、ゲームとメトロノーム！
481557634	Twinkle Twinkle Christmas Tree	きらきら光る、クリスマスツリー
484286794	Twinkle Twinkle Christmas Tree for iPad	きらきら光る、クリスマスツリー for iPad
882634172	Coin Tycoon Saga	コインの大金持ち伝説
930018660	FreeCell: Ultimate Challenge Edition - 100 Levels	激ムズ！フリーセルLv.100 - FreeCell Ultimate Challenge Edition
770460054	Bobsleigh Ultimatum - Free Winter Game -	ボブスレーアルティメイタム - 無料 の スポーツ ゲーム -
989432071	Dress Up Doll Hair	人形の髪をドレスアップ
670748326	Star Vanisher...!! -S-	超 この星を消す…ッ!! [続編:タップで超破壊ビーーーム!!!]
843006560	Best Video Downloader (FREE)	ベストのビデオ·ダウンローダー (無料)
930380089	VideoShow: Video Editor &Maker	VideoShow: 動画を編集
983238141	Free Video Player Pro - Play Videos in All Formats for You	Free Video Player Pro - あらゆる形式の動画を再生
983123556	MX Video Player Pro - free,powful HD media player,video and music player,File Manager,wifi transfer	高清万能プレーヤー-ビデオプレーヤー、ファイルの暗号化、音楽プレーヤー、ファイル管理、字幕支持
741344927	Learn Vietnamese Free: Phrases & Vocabulary Words for Travel, Study & Live in Vietnam | Vietnamese Translator - Bravolol	ベトナム語を学ぼう - Bravolol
494791461	Da Vinci Code	ダビンチパスワード
700877450	My Virtual Hamster ~ Pet Mouse Game for Kids, Boys and Girls	My Virtual Hamster ~ バーチャルペット
820732019	Mandarin Vocabulary Lesson of Food	中国語音声学習の「食べ物」
795482548	Hero Vs Monster	ヒーロー Vs モンスター : Hero Vs Monster
949815020	4 WHEELZ 2.0	4 WHEELZ 2.0 オルタンシア俺たち別れようフリマアプリ-メルカリ
971036972	99 Wallpaper.s - Beautiful Phone Backgrounds and Pictures of Architecture and Interior Design	99 Wallpaper.s - 美しい壁紙、背景や建築の写真や インテリアデザイン お使いの携帯電話のための
915691550	Little Warlock School	小さな魔法使いの学校
511739905	Incline Water Collect	傾けて水溜め
656564586	Ocean Wave Surfer Pro HD - Extreme Downhill Water Racing	オーシャンウェーブサーファーのPro HD - エクストリームダウンヒルウォーターレーシング
981456001	A Weather Coloring Book for Children: Learn to color the world	アクティブ！塗り絵の本 幼児や子供のための天候の写真をペイントすることを学ぶ
513342361	dAnce! Web Browser Lite - Intuitive, comfortable, Secret Full Screen Web Browser	dAnce! Web Browser Lite - 直感的なフリックで操作する秘密のフルスクリーンブラウザ
941534526	Final Weight Loss - lose it in 10 days with calorie counter and diet tracker	10日で減量
684144901	Online Werewolf X	人狼オンラインX
982512701	18 Wheeler Big Truck Simulator - 3D trucker simulation and parking game	18 ウィーラー大きなトラック - トラック運転手の 3 D シミュレーションとシミュレータ ゲーム駐車場
957167938	Snow White Free (games for girls 7+)	しらゆきひめ (Snow White) 女の子向けの 無料
549472904	Retired Wizard Story	退職したウィザードストーリー
971500182	6 Words 1 Pic - New Word Search Puzzle Game is on Tour Now!	写真が1枚、単語は6つ (6 Words 1 Pic) - 新しい単語探しパズルゲームが登場!
457830570	Rugby World Calendar 2011: the free fan app	2011 ラグビーワールドカップ‐ W杯の最新ニュースをお届けする アプリ
651619400	Gummy Worms Link Pro - Draw Sweet & Delicious Color Line	グミワームリンクプロ - ドロースウィート＆デリシャスカラーライン
622401000	Spread X - accelerometer shooting!	Spread X - 加速度シューティング！
851839569	2048 XP Puzzle Game with Undo	元に戻す機能付き2048 XPパズルゲーム
876370686	New York City Plumber	ニューヨーク市の配管工
835878943	Unlock Your Brain Capacity	あなたの脳容量のロックを解除
508345983	Lock Your Photos Plus	ロック写真 (Lock Your Photos Plus)
928332465	Walk zombie	ウォーキ ゾンビ
537959000	Kill zombies Now - Zombie Games	ゾンビ In USA
796315828	Animal Zoo - help animals, kids games	動物園 - 動物助け、子供のゲーム
820710696	Fly a Bubble! Swipe sensitively to avoid clouds and fly a bubble to universe!	空高く舞い上がれ、シャボン玉!  スワイプで風を起こし、雲をよけながら宇宙まで飛ばそう！
962675813	The account is good	「アカウントは良いですが
908209359	Fishing an old guy in an old man -It is a weired game of hanging an old guy down to fish a bigger  old man	おっさんでおっさんを釣る ～おっさんで大きいおっさんを釣るシュールなゲーム～
421619848	Holes and Balls - The Challenge	ホール＆ボール－ザ・チャレンジ (Holes and Balls - The Challenge)
848173067	Battery and Data Alarmer	バッ通ア - バッテリーと通信の関係+アラーム
923520444	Cat and Dog Adventure Free	キャット＆ドッグ（無料）
800110416	Cake and Fruit:Delicious Number-Kimi's Picnic:Primar Math Free	Cake and Fruit:ケーキやフルーツ:おいしい数値-キミのピクニック:原発数学 Free
1003138519	Coins and Monster Battle	コインとモンスターバトル
902368094	Paint and color animals for girls and boys - educational game animals fingerprinting	少年少女のためのペイントやカラーの動物 - 教育的なゲーム動物のフィンガープリント
675628584	Learn and play German free	学び、遊びます。ドイツ語 無料
615256640	Learn and play Russian free	学び、遊びます。ロシア語 free
yer, coach, and supervisor who love a sport -	戦術ボード／無料 - スポーツを愛するプレイヤー・コーチ・監督へ -
671309030	確定申告支援 by マネトラ	確定申告支援 by マネトラ
989106310	kawaii calc	kawaii calc-ボタンの動くかわいい電卓
738897386	Drawing cartoon Square	お絵かき漫画広場 - コミック・マンガが無料で読める！
999264336	Kitty cat food maker – virtual pet food maker game	キティ猫の食品メーカー - バーチャルペットフードメーカーのゲーム
946937815	piano chord chart	ピアノの和音チャート
569357803	nyan-nyan clock	にゃんにゃん時計
370433807	Car's collection	カーコレクション
361048320	dog's collection	犬のコレクション
481142175	Tsumineko comic	つみネコ劇場
946624055	don't drunk driving	飲酒運転をしないでください。
503806616	Feed em Up: Buffet	Feed em Up: 食べ放題
983466834	Preschool english alphabet kids ABC puzzles and flashcards	幼児英語のアルファベットの子供たちのABCパズルやフラッシュカード
662899065	Epic fail picture for camera	カメラの叙事詩の失敗映像
490067996	Audiobooks:children's favorite fairy tales 4	オーディオブック:英語で子供たちのお気に入りのおとぎ話4
998260319	Bubble fighter legend	バブルファイター伝説
928678878	Helicopter flying Game 3D Army Heli Parking	ヘリコプター戦闘3D駐車場
498503475	Weird fonts - ⓑⓤⓑⓑⓛⓔ ⓕⓞⓝⓣ ⓚⓔⓨⓑⓞⓐⓡⓓ	奇妙なフォント - ⓑⓤⓑⓑⓛⓔⓕⓞⓝⓣⓚⓔⓨⓑⓞⓐⓡⓓ
893965879	Fast food finder & restaurant locator. ATM, bar & cafe localizer.	ファーストフードファインダー＆レストランロケータ ATM、バー＆カフェローカライザ。
949271104	Fandom for 4 Minute	ファンダム for フォーミニット
949091417	Fandom for AOA	ファンダム for AOA
836465780	クーポンスイッチ for BB.exciteモバイルLTE（非公式）	クーポンスイッチ for BB.exciteモバイルLTE（非公式）
949261897	Fandom for Davichi	ファンダム for ダビチ
928867673	VidCurator for Dogs & Puppies	いぬ動 - 暇つぶしにちょうど良い、犬動画まとめ
949413393	Fandom for G-Na	ファンダム for ジナ
591248361	Guides for GoPro - Always with you	GoPro ガイド - いつもそばにある
393753220	G-Whizz! for Google Apps - The #1 Apps Browser with Facebook, Twitter and more!	G-Whizz! for Google Apps  - Facebook、 Twitter、その他対応の#1 Google アプリブラウザ
970066166	Sudoku for Kids Free	数独 子供用 無料ゲーム
912139166	Hairstyles for Men	男性のためのヘアスタイル
873476688	Stickers for Messaging	メッセンジャー用のステッカー
982923723	事件・事故まとめ for NAVERまとめ	事件・事故まとめ for NAVERまとめ
910215656	Goro-Kei for Solitary Gourmet	五郎系 for 孤独のグルメ
550256214	ツイラジ(音声読み上げ for Twitter)	ツイラジ(音声読み上げ for Twitter)
912139411	Hairstyles for Women Tutorials	女性のためのヘアスタイルチュートリアル
804641894	Subtraction for children	子供のための減算
598934033	Games for free by Suren	無料ゲーム ))
645850252	値下げ中の電子書籍 for iBooks	値下げ中の電子書籍 for iBooks
593213843	Wallpapers for iOS 8 HD	ウォールペーパー iOS 8 HD+
666261574	カタカナかるた for iPhone	カタカナかるた for iPhone
976519865	無料で読める新聞まとめアプリ for iphone	無料で読める新聞まとめアプリ for iphone
929066044	Princesses for painting and coloring with magic marker	魔法のマーカーで絵や着色のための王女
718115725	バーゲンアラーム for 東京	バーゲンアラーム for 東京
983167640	攻略まとめニュース速報 for ポコポコ	攻略まとめニュース速報 for ポコポコ
918456942	喰種クイズ for 東京喰種 トーキョーグール	喰種クイズ for 東京喰種 トーキョーグール
987365462	攻略ニュースまとめ速報 for サマナーズウォー	攻略ニュースまとめ速報 for サマナーズウォー
1003561090	攻略ニュースまとめ速報 for 欧州クラブチームサッカー BEST ELEVEN+	攻略ニュースまとめ速報 for 欧州クラブチームサッカー BEST ELEVEN+
984980342	攻略ニュースまとめ速報 for ディバゲ（ディバインゲート）	攻略ニュースまとめ速報 for ディバゲ（ディバインゲート）
868488610	探索アラーム＆ゲリラ時間割 for サモンズボード攻略　チャット＆掲示板	探索アラーム＆ゲリラ時間割 for サモンズボード攻略　チャット＆掲示板
960197852	Photo frames and love cards	フォトフレームと愛カード
875835200	Personal free music playlist creator & manger for You Tube videos	個人的な無料の音楽のプレイリストの作成者とYouTubeのビデオのためのマネージャー
836987207	WhiteBoard-More freedom in graffiti-	ホワイトボード-落書きをもっと自由に-
815636099	Escape from QUEST	脱出ゲーム　勇者なのに城に入れないww
490469773	Distances from free	自由からの距離
948085929	Kids game - Play and Sound!  TINY TWIN BEARS	赤ちゃん子供幼児向けゲーム-さわってあそぼ！ルルロロver.は無料でこどもの知育学習！パズル感覚で脳を鍛える人気シリーズ
932336992	Princesses: games to discover things	事を発見する王女： ゲーム
454100290	girls' gerneration calculator	少女時代のファンは、マシンのコンピュータを専用の
569858080	Don't get angry!	ルード
571607238	女子が気になるニュースまとめ girlsnews	女子が気になるニュースまとめ girlsnews
893183755	11 goal of Tony	トニー君の11ゴール
770179215	A great vintage	パンちゃんのぶどうがり
806258419	Solitaire iPad 2014 - Klondike - Best Card Game like on Windows (Best as the Poker)	新しいソリティア iPad 2014 - クロンダイク - Windows上のような最高のカードゲーム（ポーカーなどベスト）
918956339	An ice cream maker game FREE-make ice cream cones with flavours & toppings	アイスクリーム 2 - 無料ゲーム - フレーバーとトッピングのホストを使用して独自の甘いアイスクリームコーンを作る
693060439	Photo in Crystal	クリスタルに写真
855079454	Four in a Row - Connect Four (Connect4) Free - Edition 2014	四目並べ FREE Deluxe Edition 2014 - Connect Four (Connect4)
912992449	Jaywalk in the World - Manga Crossy Road - Jaywalker Cross the Roads of Love - Run and Meet the Girls	ジェイウオーク・イン・ザ・ワールド Jaywalk in the World - Manga Crossy Road - Jaywalker Cross the Roads of Love
649240973	Collect information efficiently on diet! everyday checking Diet Info	ダイエット効果抜群のアプリ！痩せるために情報はこのダイエットインフォアプリで効率的に収集可能です！
577367779	This is Witch Time Returns / Mario Utsumi	魔法使いのお時間よ・リターンズ / 内海まりお
432044862	Where is changing?	何が変わったんだろう？- New
881332803	Animated kids poems	英語でアニメーションキッズの詩
511000881	Instant lottery	インスタントくじ
680263548	I love Basket	バスケがしたいです
654983766	Princess makeup – Dress up Game – Top free game for fashionable ladies, star glamor girls, celebrity teens and movie actress’s beauty makeover lovers	ファッショナブルな女性、スターの華やかな女の子、10 代の有名人、映画女優美容変身愛好家のための王女の化粧-ゲームをドレスアップ-トップ無料ゲーム
646233180	Like me! Let's create a portrait - Comic book version	Like me! 似顔絵をつくろう - アメコミ風
736427092	Like me! Let's create a portrait - Odd version	Like me! 似顔絵をつくろう - キテレツ風
543119538	Like me! Let's create a portrait - YURUKAWA Cute and Loose	Like me! 似顔絵をつくろう - ゆるかわ風
924418210	princesses memory: games for brain training for girls	お姫様メモリ：女の子のための脳のトレーニングのためのゲーム
680253508	Mr. mirror	鏡よ鏡
542113337	Make money with App!	アプリで年収アップ！
632008231	Easy movie email cam	簡単動画送信カメラ
834296227	Toe nail doctor – A Free nail surgery game for kids & girls	つま先の釘を医者 – 子供 & 女の子のための無料の爪手術ゲーム
620437489	Sports news for Japanese sports fan	スポ速ニュース - 総合スポーツニュースアプリ
945244687	King of Checkers	チェッカーの王
980215736	Mother of Dragons	ドラゴンズの母
893126484	MEDAL of GUNNER 2 -Prelude to War-	MEDAL of GUNNER 2 -戦争の序幕-
613328248	Tons of Guns	トンズ・オブ・ガンズ
575789027	Alice of Hearts	ハートの国のアリス
667969311	King of NuM. Numbers, Pyramids & Mummy: play with friends to be the King of Maths!	King of NuM. Numbers, Pyramids & Mummy: あなたの友達と遊ぶと、あなたは数学の王になる！
983466817	King of Solitaire	ソリティア キング
813481885	Library of Sounds FREE	音のライブラリー FREE
540339530	Room of Starlets	星明かりの部屋
927847858	Rebellion of Sushi Yunomi	すし湯呑の乱～簡単捕獲系放置ゲーム～
884947728	Israel offline Travel Guide & Map. City tours: Jerusalem,Tel Aviv,Haifa,Eliat	イスラエル共和国 オフライン旅行ガイド＆地図。ツアー紹介 エルサレム,テル ・ アビブ,ハイファ,エイラート
995849940	Rarry on the map	地図上でラリー
541928071	Jump or Roll Free	ジャンプやフリーロール
907042572	Magic painting top models - models coloring pages	マジック塗装トップモデル - モデル着色のページ
564438548	Difference pairs	まちがいさがし
557484014	Qi検索 powered by モバイラーズオアシス	Qi検索 powered by モバイラーズオアシス
979095898	pumu pumu	ぷむぷむ
666902078	The relaxation music that is kind to mind and body	心と体にやさしいリラックス音楽
923295262	Escape room Global Village	部屋はグローバルビレッジエスケープ
923295358	Escape room Strange zone	部屋は奇妙なストリップエスケープ
964711003	Maze runner 3D	迷路3Dランナ
493213954	Simple seconds timer	秒計測タイマー
388616474	Kabushiki sentai salaryman	株式戦隊サラリーマン
838036689	Portrait shop - cute	にがおえやさん - キュート
1005700492	Escape simulation room	シミュレーションの部屋を脱出します.
648690565	Big sister Alpaca　マジヤミアルパカねえさん栽培	アルパカねえさん　-マジヤミアルパカねえさん栽培-
675521122	Photo stamp camera	フォトスタンプカメラ
950592001	Tony started golf 2	トニー君のゴルフはじめました２
898691615	Police station of Japan	近くの警察署　困った時に。全国の警察施設
708550213	cheese steak of map	アメリカに行ってみたくなる!?地図ステーキ
926150574	Fairy tale "Music Box" 6+ Free	オルゴール （無料）
top class teams of world	世界のトップクラスのチームとサッカー試合2015-リアルサッカーゲームをプレイ
911534532	Guess the Animal Quiz - Free & Funny Word Puzzle Trivia Pics Science Spirit Zoo Game for Kids	Guess the Animal Quiz - 子供のための無料＆面白い言葉Picsの科学動物園ゲーム
942970552	Decorate the Christmas Tree	クリスマスツリーを飾る
938675431	Creates the menu for SSMM Kings Magi from the East: Melchor, Gaspar and Baltasar	東から, 王賢者、メニューを作成します: メルチョール、ガスパール、バルタサールガ ルソン
784378995	Guerilla time schedule & Lank Calculation & Stamina Alarm for Conquest “Puzzle & Dragon”	ゲリラ時間割＆ランク計算＆スタミナアラーム for パズドラ攻略
561088300	Countdown to Halloween	ハロウィンカウントダウン
938142812	Fly to Park Xtreme Army Airplane Low Flying,landing & Parking Simulator	メガプレーン3D屋外駐車場
963060226	KawaiiFlight-Swipe to block the falling ball!	KawaiiFlight-スワイプ操作で落ちてくるボールをブロック！
497371746	How to do your own Cute Nails - Free	自分でかわいい爪をする方法 - フリー
955088460	Listening to the numbers! Lisnum	完全リスニング りすなん！
929931546	Kids toy Crush : Crushing Toys Factory	子供のおもちゃのクラッシュ：トイズファクトリー破砕
, weather, trips: Toronto,Vancouver,Montreal,Ottawa	カナダ オフラインマップ、ガイド。ホテル、天候、旅行 トロント,バンクーバー,モントリオール,オタワ
408376485	Battery tweet	ざっくりバッテリー
921520362	Hunter underwater spearfishing	ハンティング槍。ダイビング。
730985677	Pile up of stick	棒人間を積み上げ
644888842	WHITEBOARD-iPad version-~This if white boat app!Color all five colors! ~	WHITEBOARD-iPad版-~ホワイトボートアプリならこれ！色は全５色！~
657089840	Whole volume for free! Give My Regards to Black Jack Book Reader	全巻無料！ブラックジャックによろしく コミック全13巻読破できます！ - ブラよろ漫画リーダー
946823840	Cats wallpaper for iPhone	猫の壁紙
557726894	multiple web browsers for iPad	同時複数ウェブブラウザ for iPad
972444653	Big win fishing game : catch the little fish game for kids	大きな勝利の釣りゲーム：子供のための魚のゲームをキャッチ
432889504	Guitar with Free Songs to Learn	ギター！フリー曲は学ぶために
466261472	Children with mathematics learning	こどもとさんすう
608983031	Children writing	少年を書く
983881488	KISS x ALLIGATOR	キス×ワニ
368910070	Speedometer xFree	タコメータ xFree
883073049	Are you the Memori Master ? - an app to train your short term memory in a fun & interesting way	あなたは、メモリマスタはありますか？ - 楽しい＆面白い方法であなたの短期記憶を訓練するアプリ
968245240	Pachi-Slot『UWANOSE-GOD』 ~"The World" that GOD only knows~	パチスロ『上乗せGOD』 ~"The World" that GOD only knows~
803761714	otoiro ~the application which you can draw a picture with sound~	おといろ 〜音で描けるスケッチアプリ〜
690416416	Skyscanner – Car Rentals	スカイスキャナー レンタカー
946485299	Bordermas – Christmas And New Year pic editing & Xmas borders & stickers	Bordermas - メリークリスマス&ハッピーニューイヤー / 美しくデザインされた境界線とステッカー
908867843	Recorder – Notes, Memos, Voice recording	レコーダー - インタビューを記録し、学校、会議記録のための記録
964754991	AfroHamsterPlus ◆ The free Hamster collection game has evolved!	アフロハムスタープラス◆かわいいペットがパワーアップして再登場！
702646469	DateCalcMemo ～ how many days from the date or until the date	日付計算メモ ～ あれから or あと何年
869787853	ニャンけんぽん! 〜30匹のねことじゃんけん対決だ！〜	ニャンけんぽん! 〜30匹のねことじゃんけん対決だ！〜
908169101	進め!! 爆走(娘)! -エンドレスなメイド編-	進め!! 爆走(娘)! -エンドレスなメイド編-
859211788	スペルで覚える英単語 中１編	スペルで覚える英単語 中１編
793722483	ドラゴン転生 【本格RPG】- オフラインでプレイ可能なロールプレイングゲーム	ドラゴン転生 【本格RPG】- オフラインでプレイ可能なロールプレイングゲーム
覚診断 & タロット
794764643	ザ・花札 こいこい編	ザ・花札 こいこい編
945292842	モテ女必見の無料ニュースアプリ「LABOON ラブーン」	モテ女必見の無料ニュースアプリ「LABOON ラブーン」
950614962	ふしぎな生き物 ふにゃもらけ -ペット育成ゲーム-	ふしぎな生き物 ふにゃもらけ -ペット育成ゲーム-
873477715	マップで巡る~ドラマ版"for 孤独のグルメ"	マップで巡る~ドラマ版"for 孤独のグルメ"
629947743	無料 赤ちゃん家系図	無料 赤ちゃん家系図
957300111	ビデオ ダウンローダー | Video Downloader For iPhone	ビデオ ダウンローダー | Video Downloader For iPhone
914316525	毎日50問 タイピングでおぼえる 中学英単語	毎日50問 タイピングでおぼえる 中学英単語
881782368	ハクスラRPG！ ルナティックダンジョン	ハクスラRPG！ ルナティックダンジョン
レコ - 動画に音楽を入れよう！
826318620	美女スパイ: ソーシャルバトルゲーム-仲間とレア美女カードをコレクション！強化と進化で最強のスパイを目指せ！	美女スパイ: ソーシャルバトルゲーム-仲間とレア美女カードをコレクション！強化と進化で最強のスパイを目指せ！
424764878	はんぷく計算ドリル 九九（小学校２年生算数）無料版	はんぷく計算ドリル 九九（小学校２年生算数）無料版
971797802	がんばれ！ルルロロ お買い物ごっこ　〜幼児・子供向け 無料の知育アプリ〜	がんばれ！ルルロロ お買い物ごっこ　〜幼児・子供向け 無料の知育アプリ〜
894650236	湘北その後- インターハイ以降の桜木と流川と湘北	湘北その後- インターハイ以降の桜木と流川と湘北
647217283	ムックログ 〜ブランドムックや付録付き雑誌をチェック！	ムックログ 〜ブランドムックや付録付き雑誌をチェック！
708337159	サウンドフラッシュ-日葡交互 ポルトガル語と日本語を交互に再生、登録できる音声フラッシュカード	サウンドフラッシュ-日葡交互 ポルトガル語と日本語を交互に再生、登録できる音声フラッシュカード
